Epoch,Train_Loss,Validation_Loss,Improved
1,0.9908512563914568,0.6282514443425489,True
2,0.8727944746217233,0.5378894044122389,True
3,0.8217406623760972,0.4919534613729572,True
4,0.7997191360878882,0.4713398434654359,True
5,0.7896469528607825,0.4543042741318252,True
6,0.7847138400739166,0.446127221199774,True
7,0.781999893518938,0.4407835285754497,True
8,0.7804307183317352,0.4344121103377636,True
9,0.7794610443968124,0.43551080005609394,False
10,0.7789112767302129,0.4325827879640014,True
11,0.7785588667387969,0.43261300103056116,False
12,0.7783221149414897,0.42526146436716455,True
13,0.778173508967604,0.4252744571694181,False
14,0.778062466278105,0.43019042074855124,False
15,0.7779978711608403,0.42983533603354984,False
16,0.7779787280640187,0.4227052657555275,True
17,0.7779222712282996,0.4258653855393709,False
18,0.777936340087965,0.42515625436285026,False
19,0.7779269196655242,0.42471233124257535,False
20,0.7779044550465857,0.4212014466192016,True
21,0.7779201169985758,0.4208950202765703,True
22,0.7779161331449357,0.4201752873914333,True
23,0.7779017346011164,0.4194161708963232,True
24,0.7779049747879747,0.42197368914081207,False
25,0.77788339642021,0.4139260792068023,True
26,0.7779270844008176,0.4259207661900003,False
27,0.7778996963522197,0.4225783661943027,False
28,0.7778821025311389,0.4234339176804439,False
29,0.7778935467669333,0.4230240057290824,False
30,0.7779077285697822,0.41703265319122246,False
