feature,train_mean,train_std,train_var
FIT101,1.6190015738587369,1.2233685605476443,1.4966306349364153
LIT101,621.2794183737037,128.16578620234347,16426.468752864814
MV101,1.6277296296296295,0.49344213613622184,0.24348514171467767
P101,1.6555814814814815,0.4751782850888995,0.22579440262002745
P102,1.0069925925925927,0.08332884399430135,0.006943696241426613
AIT201,233.0280709711111,27.511706788454028,756.8940104138675
AIT202,8.463025825029629,0.10113175543346102,0.010227631957053373
AIT203,330.8282811425926,11.63471494673661,135.36659189181628
FIT201,1.6081796725758706,1.1640471183161025,1.3550056936600225
MV201,1.652362962962963,0.48382003246397626,0.23408182381344306
P201,1.0543333333333333,0.22667426457854062,0.05138122222222223
P202,1.0,1.0,0.0
P203,1.6526222222222222,0.47613701524240964,0.22670645728395064
P204,1.0002074074074074,0.014400152414983668,0.00020736438957475996
P205,1.6533592592592592,0.47590013406118226,0.22648093759945123
P206,1.0002037037037037,0.014271026890339778,0.00020366220850480106
DPIT301,15.051188911524557,8.219720162374836,67.5637995477514
FIT301,1.6186873958912482,0.968400722830309,0.9377999599782649
LIT301,918.0752137814816,78.06243661778363,6093.744010705486
MV301,1.0075370370370371,0.12146729676671594,0.014754304183813443
MV302,1.7081592592592592,0.4681991707867253,0.21921046352537718
MV303,1.021825925925926,0.17535550998871385,0.030749554883401923
MV304,1.149137037037037,0.37439184726022623,0.14016925529492458
P301,1.0,1.0,0.0
P302,1.7288851851851852,0.44453523145274265,0.19761157200274346
AIT401,148.80647634481483,0.003728702657262005,1.3903223506272738e-05
AIT402,172.5724610859259,55.087651106118116,3034.6493043893965
FIT401,1.510152535153152,0.5605169987265197,0.31417930586138526
LIT401,794.8140441651852,224.97838190765273,50615.27232578564
P401,1.0,1.0,0.0
P402,1.8813407407407408,0.32338713556866044,0.10457923945130315
P403,1.0002222222222221,0.014905463411319115,0.00022217283950617286
P404,1.0,1.0,0.0
UV401,1.8775296296296295,0.32782827631507727,0.10747137875171464
AIT501,7.789504344866666,0.10681425102527173,0.011409284222089764
AIT502,153.20377000444446,25.773105453323044,664.25296470811
AIT503,265.54993757333335,5.863430207004051,34.379813792407575
AIT504,14.0529185117,10.211906245306189,104.28302916292353
FIT501,1.5220909250619037,0.5589809915294953,0.31245974889129774
FIT502,1.1347031668430296,0.4171000363644422,0.17397244033521903
FIT503,0.6450274126510741,0.23755879956671583,0.05643418325157906
FIT504,0.2695511372218259,0.10070078697528294,0.010140648497441312
P501,1.877551851851852,0.32780268327644496,0.1074545991632373
P502,1.0,1.0,0.0
PIT501,220.50380383872962,77.42408568335472,5994.4890439034525
PIT502,1.0923981991715925,0.5103119375522276,0.2604182736083086
PIT503,165.88452909414443,59.61301436127423,3553.7114812374875
FIT601,0.015443721775866665,0.15392557182183753,0.02369308166067966
P601,1.0,1.0,0.0
P602,1.0084555555555557,0.09156450805744805,0.008384059135802467
P603,1.0,1.0,0.0
