Stage,Rule_ID,Feature_Name,Physical_Relationship,Source_Tags,Representation_Type,TRAIN_Normal_Evidence,VALIDATION_Coverage,VALIDATION_Normal_Score_Behavior,Robustness_Notes,Sparsity_Notes,Distribution_Shift_Notes,Redundancy_Notes,Temporal_Lag_Notes,Interpretability,Main_Limitation,Original_Stage_Decision,Final_Cross_Stage_Status,Final_Status_Reason
Stage 1,S1-R1,S1-R1_state_score,MV101 <-> FIT101 (valve -> flow (state/event)),MV101 / FIT101,A: state-based (+event-response secondary evidence),"{'N_Events_TRAIN_NORMAL': np.int64(63), 'State_SMD': np.float64(20.938528361400223), 'State_IQR_Overlap_Fraction': np.float64(0.0), 'State_KS_Statistic': np.float64(0.9967735672343344), 'Best_Event_Offset_Seconds': np.float64(0.0), 'Best_Event_Pct_Expected_Direction': np.float64(100.0), 'Best_Event_Median_Response': np.float64(1.048586), 'Best_Slope_Window_Seconds': np.float64(nan), 'Spearman_Rho': np.float64(nan), 'Spearman_Pvalue': np.float64(nan), 'Explained_Variance_Fraction': np.float64(nan), 'Coupling_Rate': np.float64(nan)}",99.57545754575456,"TRAIN-N median=0.6968677764551015, VAL-N median=0.7003697195296311, saturated=False","TRAIN-N median=0.6968677764551015, VAL-N median=0.7003697195296311, saturated=False",minority-state TRAIN-NORMAL reference n=62302 (adequate); minority actuator state = 36.25% of TRAIN (adequate),"TRAIN-N median=0.6968677764551015, VAL-N median=0.7003697195296311, saturated=False | MEDIAN-SHIFT CHECK: TRAIN-N median=0.697, VAL-N median=0.700, delta=+0.004, flagged=False",no high-redundancy partner found,best_offset=0.0s,High -- direct single-actuator/single-sensor physical relationship,"Transitional-state rows are excluded from evaluability, mirroring MV201's treatment in Stage 2.",RETAIN,CORE,"No caveat triggered under the cross-stage framework: adequate reference sample(s), strong coverage, not saturated, no boundary-lag issue, no flagged redundancy."
Stage 1,S1-R2,S1-R2_slope_score,P101 <-> LIT101 (rolling slope) (pump -> tank-level response (rolling/derivative)),P101 / LIT101 (rolling slope),C: rolling-window,"{'N_Events_TRAIN_NORMAL': np.int64(55825), 'State_SMD': np.float64(-1.777474734014283), 'State_IQR_Overlap_Fraction': np.float64(0.07029053039397953), 'State_KS_Statistic': np.float64(nan), 'Best_Event_Offset_Seconds': np.float64(nan), 'Best_Event_Pct_Expected_Direction': np.float64(nan), 'Best_Event_Median_Response': np.float64(nan), 'Best_Slope_Window_Seconds': np.float64(120.0), 'Spearman_Rho': np.float64(nan), 'Spearman_Pvalue': np.float64(nan), 'Explained_Variance_Fraction': np.float64(nan), 'Coupling_Rate': np.float64(nan)}",99.81998199819982,"TRAIN-N median=0.500618997824493, VAL-N median=0.4805105830598926, saturated=False","TRAIN-N median=0.500618997824493, VAL-N median=0.4805105830598926, saturated=False",minority-state TRAIN-NORMAL reference n=55825 (adequate); minority actuator state = 34.44% of TRAIN (adequate),"TRAIN-N median=0.500618997824493, VAL-N median=0.4805105830598926, saturated=False | MEDIAN-SHIFT CHECK: TRAIN-N median=0.501, VAL-N median=0.481, delta=-0.020, flagged=False",no high-redundancy partner found,best_offset=nans,"Moderate -- sensor-sensor or unconditional relationship, plant-specific tag identities not independently documented",Confounded by simultaneous MV101/other-pump activity; state-conditioning only partially isolates this pump's own effect.,RETAIN,CORE,"No caveat triggered under the cross-stage framework: adequate reference sample(s), strong coverage, not saturated, no boundary-lag issue, no flagged redundancy."
Stage 1,S1-R3,S1-R3_slope_score,P102 <-> LIT101 (rolling slope) (pump -> tank-level response (rolling/derivative)),P102 / LIT101 (rolling slope),C: rolling-window,"{'N_Events_TRAIN_NORMAL': np.int64(45), 'State_SMD': np.float64(-2.589875046641732), 'State_IQR_Overlap_Fraction': np.float64(0.0), 'State_KS_Statistic': np.float64(nan), 'Best_Event_Offset_Seconds': np.float64(nan), 'Best_Event_Pct_Expected_Direction': np.float64(nan), 'Best_Event_Median_Response': np.float64(nan), 'Best_Slope_Window_Seconds': np.float64(300.0), 'Spearman_Rho': np.float64(nan), 'Spearman_Pvalue': np.float64(nan), 'Explained_Variance_Fraction': np.float64(nan), 'Coupling_Rate': np.float64(nan)}",99.54995499549956,"TRAIN-N median=0.49987837728267825, VAL-N median=0.48669807836106627, saturated=False","TRAIN-N median=0.49987837728267825, VAL-N median=0.48669807836106627, saturated=False",thin TRAIN-NORMAL reference sample (n=45 < 100); minority actuator state is only 0.70% of all TRAIN rows (< 5.0%),"TRAIN-N median=0.49987837728267825, VAL-N median=0.48669807836106627, saturated=False | MEDIAN-SHIFT CHECK: TRAIN-N median=0.500, VAL-N median=0.487, delta=-0.013, flagged=False",no high-redundancy partner found,best_offset=nans,"Moderate -- sensor-sensor or unconditional relationship, plant-specific tag identities not independently documented",Built on a severely sparse minority-state reference (see stage1_rule_validation.csv),RETAIN,RETAIN_WITH_CAVEAT,Meaningful but non-disqualifying limitation: dependence on a rare/thin actuator state: thin TRAIN-NORMAL reference sample (n=45 < 100); minority actuator state is only 0.70% of all TRAIN rows (< 5.0%).
Stage 1,S1-R4,S1-R4_slope_score,"FIT101 <-> LIT101 (rolling slope) (flow <-> level change (rolling/derivative, mass-balance))",FIT101 / LIT101 (rolling slope),C: rolling-window,"{'N_Events_TRAIN_NORMAL': np.int64(222283), 'State_SMD': np.float64(nan), 'State_IQR_Overlap_Fraction': np.float64(nan), 'State_KS_Statistic': np.float64(nan), 'Best_Event_Offset_Seconds': np.float64(nan), 'Best_Event_Pct_Expected_Direction': np.float64(nan), 'Best_Event_Median_Response': np.float64(nan), 'Best_Slope_Window_Seconds': np.float64(60.0), 'Spearman_Rho': np.float64(0.4491946459507727), 'Spearman_Pvalue': np.float64(0.0), 'Explained_Variance_Fraction': np.float64(0.3696280181717414), 'Coupling_Rate': np.float64(nan)}",99.9099909990999,"TRAIN-N median=0.4988910532969233, VAL-N median=0.493591502724005, saturated=False","TRAIN-N median=0.4988910532969233, VAL-N median=0.493591502724005, saturated=False",not applicable (unconditional/binary feature),"TRAIN-N median=0.4988910532969233, VAL-N median=0.493591502724005, saturated=False | MEDIAN-SHIFT CHECK: TRAIN-N median=0.499, VAL-N median=0.494, delta=-0.005, flagged=False",no high-redundancy partner found,best_offset=nans,"Moderate -- sensor-sensor or unconditional relationship, plant-specific tag identities not independently documented","Reflects overall tank-level dynamics, not attributable to any single actuator; correlation with FIT101 motivated the window choice but the score itself is unconditional.",RETAIN,CORE,"No caveat triggered under the cross-stage framework: adequate reference sample(s), strong coverage, not saturated, no boundary-lag issue, no flagged redundancy."
Stage 2,S2-R1,S2_R1_score,MV201 valve state <-> FIT201 flow physical consistency,"MV201, FIT201","State-based (continuous score, empirical two-sided extremeness)","n=64, consistency=100.0%, median=0.6396693499999999",99.58% of VALIDATION rows (100% of VALIDATION ATTACK timestamps),"S2_R1_score means: TRAIN-NORMAL=0.6172, TRAIN-ATTACK=0.8931, VALIDATION-NORMAL=0.5679, VALIDATION-ATTACK=0.9918 -- a modest TRAIN-NORMAL to VALIDATION-NORMAL shift exists (0.617 -> 0.568) but a much larger, consistent NORMAL-to-ATTACK gap is preserved in both splits.","S2_R1_score means: TRAIN-NORMAL=0.6172, TRAIN-ATTACK=0.8931, VALIDATION-NORMAL=0.5679, VALIDATION-ATTACK=0.9918 -- a modest TRAIN-NORMAL to VALIDATION-NORMAL shift exists (0.617 -> 0.568) but a much larger, consistent NORMAL-to-ATTACK gap is preserved in both splits.",minority actuator state = 34.03% of TRAIN (adequate),"S2_R1_score means: TRAIN-NORMAL=0.6172, TRAIN-ATTACK=0.8931, VALIDATION-NORMAL=0.5679, VALIDATION-ATTACK=0.9918 -- a modest TRAIN-NORMAL to VALIDATION-NORMAL shift exists (0.617 -> 0.568) but a much larger, consistent NORMAL-to-ATTACK gap is preserved in both splits.",no high-redundancy partner found,"horizon=5.0s (P5=0.36937812, P95=0.85120943)",High -- direct single-actuator/single-sensor physical relationship,"Requires detecting the full 3-state sequence, not a simple 2-state transition; only 64 usable NORMAL TRAIN sequences; transitional-state dwell time varies (median 7.0s), so the true 'moment of opening' has some inherent jitter; VALIDATION attack-period coverage for this exact sequence has not yet been confirmed nonzero (see Part 4).",RETAIN,CORE,"No caveat triggered under the cross-stage framework: adequate reference sample(s), strong coverage, not saturated, no boundary-lag issue, no flagged redundancy."
Stage 2,S2-R3B,S2_R3B_state_mismatch,P205 (bleach pump) <-> P203 (acid pump) bidirectional transition coupling,"P205, P203","State-based (binary/continuous score, every row)","n=activation: 64, deactivation: 59, consistency=100.0%, median=0.0","100% of all rows, all splits, all label strata","S2_R3B_state_mismatch means: TRAIN-NORMAL=0.000094, TRAIN-ATTACK=0.003735 (~40x higher under attack), VALIDATION-NORMAL=0.000000, VALIDATION-ATTACK=0.000000 -- both remain near the floor (0), i.e. NOT saturated, unlike S2-R2's fallback.","S2_R3B_state_mismatch means: TRAIN-NORMAL=0.000094, TRAIN-ATTACK=0.003735 (~40x higher under attack), VALIDATION-NORMAL=0.000000, VALIDATION-ATTACK=0.000000 -- both remain near the floor (0), i.e. NOT saturated, unlike S2-R2's fallback.",not applicable (unconditional/binary feature),"S2_R3B_state_mismatch means: TRAIN-NORMAL=0.000094, TRAIN-ATTACK=0.003735 (~40x higher under attack), VALIDATION-NORMAL=0.000000, VALIDATION-ATTACK=0.000000 -- both remain near the floor (0), i.e. NOT saturated, unlike S2-R2's fallback.",no high-redundancy partner found,"horizon=0.0s (P5=0.0, P95=0.0)",High -- direct single-actuator/single-sensor physical relationship,"The event-based coupling_consistent companion feature remains sparse (0.059% VALIDATION coverage); TRAIN-NORMAL mismatch rate, while low, is not exactly zero (0.0094%), so the steady-state equality assumption is a very strong but not perfectly absolute regularity.",RETAIN,CORE,"No caveat triggered under the cross-stage framework: adequate reference sample(s), strong coverage, not saturated, no boundary-lag issue, no flagged redundancy."
Stage 3,S3-R1,S3-R1_state_score,P302 <-> FIT301 (actuator -> flow (state/event)),P302 / FIT301,A: state-based (+event-response secondary evidence),"{'N_Events_TRAIN_NORMAL': np.int64(111), 'State_SMD': np.float64(8.950319167913086), 'State_IQR_Overlap_Fraction': np.float64(0.0), 'State_KS_Statistic': np.float64(0.9848622546032887), 'Mode': 'direct_two_state', 'Best_Event_Offset_Seconds': np.float64(5.0), 'Best_Event_Pct_Expected_Direction': np.float64(100.0), 'Best_Event_Median_Response': np.float64(0.59098743), 'Spearman_Rho': np.float64(nan), 'Spearman_Pvalue': np.float64(nan), 'Residual_Formalization': nan, 'Residual_Stability_CV': np.float64(nan), 'Best_Lag_Seconds': np.float64(nan), 'Flow_Conditioning_Helps': nan, 'Best_Slope_Window_Seconds': np.float64(nan), 'Explained_Variance_Fraction': np.float64(nan), 'Coupling_Rate': np.float64(nan)}",100.0,"TRAIN-N median=0.534845617107828, VAL-N median=0.8859872475179733, saturated=False","TRAIN-N median=0.534845617107828, VAL-N median=0.8859872475179733, saturated=False",minority-state TRAIN-NORMAL reference n=35399 (adequate); minority actuator state = 27.11% of TRAIN (adequate),"TRAIN-N median=0.534845617107828, VAL-N median=0.8859872475179733, saturated=False | MEDIAN-SHIFT CHECK: TRAIN-N median=0.535, VAL-N median=0.886, delta=+0.351, flagged=True",no high-redundancy partner found,best_offset=5.0s,High -- direct single-actuator/single-sensor physical relationship,Event-based companion evidence available.,RETAIN,RETAIN_WITH_CAVEAT,"Meaningful but non-disqualifying limitation: partial distribution shift (VALIDATION-NORMAL median=0.886 vs TRAIN-NORMAL median=0.535, delta=+0.351)."
Stage 3,S3-R2,S3-R2_state_score,P302 <-> DPIT301 (actuator -> differential pressure (state/event)),P302 / DPIT301,A: state-based (+event-response secondary evidence),"{'N_Events_TRAIN_NORMAL': np.int64(111), 'State_SMD': np.float64(7.491421888357206), 'State_IQR_Overlap_Fraction': np.float64(0.0), 'State_KS_Statistic': np.float64(0.9732310584847484), 'Mode': 'direct_two_state', 'Best_Event_Offset_Seconds': np.float64(5.0), 'Best_Event_Pct_Expected_Direction': np.float64(100.0), 'Best_Event_Median_Response': np.float64(3.9938540999999996), 'Spearman_Rho': np.float64(nan), 'Spearman_Pvalue': np.float64(nan), 'Residual_Formalization': nan, 'Residual_Stability_CV': np.float64(nan), 'Best_Lag_Seconds': np.float64(nan), 'Flow_Conditioning_Helps': nan, 'Best_Slope_Window_Seconds': np.float64(nan), 'Explained_Variance_Fraction': np.float64(nan), 'Coupling_Rate': np.float64(nan)}",100.0,"TRAIN-N median=0.49105906946523903, VAL-N median=0.9548420917494009, saturated=False","TRAIN-N median=0.49105906946523903, VAL-N median=0.9548420917494009, saturated=False",minority-state TRAIN-NORMAL reference n=35399 (adequate); minority actuator state = 27.11% of TRAIN (adequate),"TRAIN-N median=0.49105906946523903, VAL-N median=0.9548420917494009, saturated=False | MEDIAN-SHIFT CHECK: TRAIN-N median=0.491, VAL-N median=0.955, delta=+0.464, flagged=True",no high-redundancy partner found,best_offset=5.0s,High -- direct single-actuator/single-sensor physical relationship,Event-based companion evidence available.,RETAIN,RETAIN_WITH_CAVEAT,"Meaningful but non-disqualifying limitation: partial distribution shift (VALIDATION-NORMAL median=0.955 vs TRAIN-NORMAL median=0.491, delta=+0.464)."
Stage 3,S3-R4,S3-R4_slope_score,"FIT301 <-> LIT301 (rolling slope) (flow <-> level change (rolling/derivative, mass-balance))",FIT301 / LIT301 (rolling slope),C: rolling-window,"{'N_Events_TRAIN_NORMAL': np.int64(222043), 'State_SMD': np.float64(nan), 'State_IQR_Overlap_Fraction': np.float64(nan), 'State_KS_Statistic': np.float64(nan), 'Mode': nan, 'Best_Event_Offset_Seconds': np.float64(nan), 'Best_Event_Pct_Expected_Direction': np.float64(nan), 'Best_Event_Median_Response': np.float64(nan), 'Spearman_Rho': np.float64(-0.2315591382668272), 'Spearman_Pvalue': np.float64(0.0), 'Residual_Formalization': nan, 'Residual_Stability_CV': np.float64(nan), 'Best_Lag_Seconds': np.float64(nan), 'Flow_Conditioning_Helps': nan, 'Best_Slope_Window_Seconds': np.float64(300.0), 'Explained_Variance_Fraction': np.float64(0.07750584362941859), 'Coupling_Rate': np.float64(nan)}",99.54995499549956,"TRAIN-N median=0.5008984746197809, VAL-N median=0.5265061271915801, saturated=False","TRAIN-N median=0.5008984746197809, VAL-N median=0.5265061271915801, saturated=False",not applicable (unconditional/binary feature),"TRAIN-N median=0.5008984746197809, VAL-N median=0.5265061271915801, saturated=False | MEDIAN-SHIFT CHECK: TRAIN-N median=0.501, VAL-N median=0.527, delta=+0.026, flagged=False",no high-redundancy partner found,best_offset=nans,"Moderate -- sensor-sensor or unconditional relationship, plant-specific tag identities not independently documented","Reflects overall tank-level dynamics, not attributable to any single actuator.",RETAIN,RETAIN_WITH_CAVEAT,Meaningful but non-disqualifying limitation: low explained variance (7.75% < 15%).
Stage 4,S4-R2,S4-R2_state_score,P402 <-> FIT401 (pump -> flow (state/event)),P402 / FIT401,A: state-based,"{'N_Events_TRAIN_NORMAL': np.int64(1), 'State_SMD': np.float64(146.67271999075766), 'State_IQR_Overlap_Fraction': np.float64(0.0), 'State_KS_Statistic': np.float64(0.9999910022584332), 'Best_Event_Offset_Seconds': np.float64(nan), 'Best_Event_Pct_Expected_Direction': np.float64(nan), 'Best_Event_Median_Response': np.float64(nan), 'Best_Slope_Window_Seconds': np.float64(nan), 'Spearman_Rho': np.float64(nan), 'Spearman_Pvalue': np.float64(nan), 'Explained_Variance_Fraction': np.float64(nan), 'Coupling_Rate': np.float64(nan), 'Residual_Formalization': nan, 'Residual_Stability_CV': np.float64(nan), 'Best_Lag_Seconds': np.float64(nan)}",100.0,"TRAIN-N median=0.4962074519295657, VAL-N median=0.40921728646109823, saturated=False","TRAIN-N median=0.4962074519295657, VAL-N median=0.40921728646109823, saturated=False",thin TRAIN-NORMAL reference sample (n=65 < 100),"TRAIN-N median=0.4962074519295657, VAL-N median=0.40921728646109823, saturated=False | MEDIAN-SHIFT CHECK: TRAIN-N median=0.496, VAL-N median=0.409, delta=-0.087, flagged=False",no high-redundancy partner found,best_offset=nans,High -- direct single-actuator/single-sensor physical relationship,Too few TRAIN transitions (1) for a robust event-based companion check.,RETAIN,RETAIN_WITH_CAVEAT,Meaningful but non-disqualifying limitation: dependence on a rare/thin actuator state: thin TRAIN-NORMAL reference sample (n=65 < 100).
Stage 5,S5-R1,S5-R1_state_score,P501 <-> FIT504 (pump -> sensor (state/event)),P501 / FIT504,n/a,"n_events=1, SMD=5.816593930505326, KS=0.9774695982519443",100.0,"TRAIN-N median=0.525, VAL-N median=0.345, KS(shift)=0.18526884079097072, saturated=False","TRAIN-N median=0.525, VAL-N median=0.345, KS(shift)=0.18526884079097072, saturated=False",thin TRAIN-NORMAL reference sample (n=89 < 100),"TRAIN-N median=0.525, VAL-N median=0.345, KS(shift)=0.18526884079097072, saturated=False | MEDIAN-SHIFT CHECK: TRAIN-N median=0.525, VAL-N median=0.345, delta=-0.180, flagged=False",no high-redundancy partner found,best_offset=nans,High -- direct single-actuator/single-sensor physical relationship,Pump had too few TRAIN transitions (1 usable) for a robust event-based companion check; state-based comparison used instead.,RETAIN,RETAIN_WITH_CAVEAT,Meaningful but non-disqualifying limitation: dependence on a rare/thin actuator state: thin TRAIN-NORMAL reference sample (n=89 < 100).
Stage 5,S5-R2,S5-R2_state_score,P501 <-> PIT501 (pump -> sensor (state/event)),P501 / PIT501,n/a,"n_events=1, SMD=3.484256404612514, KS=0.9774695982519443",100.0,"TRAIN-N median=0.500, VAL-N median=0.654, KS(shift)=0.20848527686588486, saturated=False","TRAIN-N median=0.500, VAL-N median=0.654, KS(shift)=0.20848527686588486, saturated=False",thin TRAIN-NORMAL reference sample (n=89 < 100),"TRAIN-N median=0.500, VAL-N median=0.654, KS(shift)=0.20848527686588486, saturated=False | MEDIAN-SHIFT CHECK: TRAIN-N median=0.500, VAL-N median=0.654, delta=+0.154, flagged=False",no high-redundancy partner found,best_offset=nans,High -- direct single-actuator/single-sensor physical relationship,Pump had too few TRAIN transitions (1 usable) for a robust event-based companion check; state-based comparison used instead.,RETAIN,RETAIN_WITH_CAVEAT,Meaningful but non-disqualifying limitation: dependence on a rare/thin actuator state: thin TRAIN-NORMAL reference sample (n=89 < 100).
Stage 5,S5-R3,S5-R3_residual_score,FIT501 <-> FIT503 (sensor-sensor consistency (same instrument type)),FIT501 / FIT503,n/a,"n=222343, rho=-0.828, CV=0.016",100.0,"TRAIN-N median=0.500, VAL-N median=0.398, KS(shift)=0.22876733104468616, saturated=False","TRAIN-N median=0.500, VAL-N median=0.398, KS(shift)=0.22876733104468616, saturated=False",not applicable (unconditional/binary feature),"TRAIN-N median=0.500, VAL-N median=0.398, KS(shift)=0.22876733104468616, saturated=False | MEDIAN-SHIFT CHECK: TRAIN-N median=0.500, VAL-N median=0.398, delta=-0.102, flagged=False",no high-redundancy partner found,lag=0s (within tested grid),"Moderate -- sensor-sensor or unconditional relationship, plant-specific tag identities not independently documented",Relationship strength depends on the discovery-stage correlation continuing to hold; monitor for regime changes not present in TRAIN.,RETAIN,CORE,"No caveat triggered under the cross-stage framework: adequate reference sample(s), strong coverage, not saturated, no boundary-lag issue, no flagged redundancy."
Stage 5,S5-R4,S5-R4_residual_score,PIT501 <-> PIT503 (sensor-sensor consistency (same instrument type)),PIT501 / PIT503,n/a,"n=222343, rho=0.996, CV=0.018",100.0,"TRAIN-N median=0.500, VAL-N median=0.994, KS(shift)=0.6524124539302989, saturated=False","TRAIN-N median=0.500, VAL-N median=0.994, KS(shift)=0.6524124539302989, saturated=False",not applicable (unconditional/binary feature),"TRAIN-N median=0.500, VAL-N median=0.994, KS(shift)=0.6524124539302989, saturated=False | MEDIAN-SHIFT CHECK: TRAIN-N median=0.500, VAL-N median=0.994, delta=+0.494, flagged=True",no high-redundancy partner found | SOURCE-SENSOR redundancy: PIT501<->PIT503 raw rho=0.9962 (near-collinear),lag=0s (within tested grid),"Moderate -- sensor-sensor or unconditional relationship, plant-specific tag identities not independently documented",Relationship strength depends on the discovery-stage correlation continuing to hold; monitor for regime changes not present in TRAIN.,RETAIN,RETAIN_WITH_CAVEAT,"Multiple noted limitations, but coverage/robustness remain adequate: source sensors PIT501/PIT503 are themselves near-collinear (raw Spearman rho=0.9962, |rho|>=0.95) -- distinct from, and not resolved by, the cross-feature score-redundancy check above; partial distribution shift (VALIDATION-NORMAL median=0.994 vs TRAIN-NORMAL median=0.500, delta=+0.494)."
Stage 5,S5-R5,S5-R5_residual_score,AIT501 <-> AIT504 (sensor-sensor consistency (same instrument type)),AIT501 / AIT504,n/a,"n=222343, rho=-0.758, CV=0.103",100.0,"TRAIN-N median=0.500, VAL-N median=0.622, KS(shift)=0.3330990656083369, saturated=False","TRAIN-N median=0.500, VAL-N median=0.622, KS(shift)=0.3330990656083369, saturated=False",not applicable (unconditional/binary feature),"TRAIN-N median=0.500, VAL-N median=0.622, KS(shift)=0.3330990656083369, saturated=False | MEDIAN-SHIFT CHECK: TRAIN-N median=0.500, VAL-N median=0.622, delta=+0.122, flagged=False",no high-redundancy partner found,"lag=-30s (AT SEARCH BOUNDARY, unexplored beyond)","Moderate -- sensor-sensor or unconditional relationship, plant-specific tag identities not independently documented",Relationship strength depends on the discovery-stage correlation continuing to hold; monitor for regime changes not present in TRAIN. WARNING: best lag hit the edge of the tested +/-30s grid -- the true optimal lag was not fully explored.,RETAIN,RETAIN_WITH_CAVEAT,Meaningful but non-disqualifying limitation: best lag (-30s) hit the edge of the tested +/-30s grid -- unexplored beyond.
Stage 6,S6-R1,S6-R1_state_score,P602 <-> FIT601 (actuator -> flow (state/event)),P602 / FIT601,A: state-based (+event-response secondary evidence),"{'N_Events_TRAIN_NORMAL': np.int64(64), 'State_SMD': np.float64(3.0953243564550053), 'State_IQR_Overlap_Fraction': np.float64(0.0), 'State_KS_Statistic': np.float64(0.9946906751010814), 'Mode': 'direct_two_state', 'Thin_Minority_Reference': np.False_, 'Best_Event_Offset_Seconds': np.int64(0), 'Best_Event_Pct_Expected_Direction': np.float64(100.0), 'Best_Event_Median_Response': np.float64(0.0261173013)}",100.0,"TRAIN-N median=0.30503206015419737, VAL-N median=0.30503206015419737, saturated=False","TRAIN-N median=0.30503206015419737, VAL-N median=0.30503206015419737, saturated=False",minority actuator state is only 0.85% of all TRAIN rows (< 5.0%),"TRAIN-N median=0.30503206015419737, VAL-N median=0.30503206015419737, saturated=False | MEDIAN-SHIFT CHECK: TRAIN-N median=0.305, VAL-N median=0.305, delta=+0.000, flagged=False",no high-redundancy partner found,best_offset=0s,High -- direct single-actuator/single-sensor physical relationship,event-based companion evidence available; Stage 6 has relatively low attack-associated activity (~28% per script 10); see ATTACK-period coverage separately -- this does not reduce overall NORMAL evaluability,RETAIN,RETAIN_WITH_CAVEAT,Meaningful but non-disqualifying limitation: dependence on a rare/thin actuator state: minority actuator state is only 0.85% of all TRAIN rows (< 5.0%).
