Feature_A,Feature_B,N_Overlap_Rows,Spearman_Rho_TRAIN_NORMAL,Shared_Source_Tags,Flagged_High_Redundancy
S4-R2_state_score,S5-R3_residual_score,222343,0.8456330957997256,(none),False
S5-R2_state_score,S5-R4_residual_score,222343,0.7645803276618925,PIT501,False
S1-R3_slope_score,S1-R4_slope_score,222043,0.6707321749248436,LIT101,False
S5-R2_state_score,S5-R3_residual_score,222343,0.6689880864233517,(none),False
S5-R3_residual_score,S5-R4_residual_score,222343,0.6307450866838067,(none),False
S4-R2_state_score,S5-R4_residual_score,222343,0.5523266421419573,(none),False
S4-R2_state_score,S5-R2_state_score,222343,0.501413141798244,(none),False
S2_R1_score,S3-R4_slope_score,221138,0.44947282062105076,(none),False
S1-R3_slope_score,S2_R1_score,221138,0.44547601275743764,(none),False
S1-R1_state_score,S1-R3_slope_score,220771,0.366326192960442,(none),False
S4-R2_state_score,S5-R1_state_score,222343,0.3473425770316922,(none),False
S1-R2_slope_score,S1-R3_slope_score,222043,0.342412391369862,LIT101,False
S3-R2_state_score,S5-R4_residual_score,222343,0.3369435441669035,(none),False
S1-R4_slope_score,S2_R1_score,221378,0.33008305739336213,(none),False
S5-R1_state_score,S5-R3_residual_score,222343,0.32797046496651605,(none),False
S1-R1_state_score,S1-R2_slope_score,220951,0.320955362260865,(none),False
S1-R3_slope_score,S3-R4_slope_score,222043,0.29861364920532085,(none),False
S5-R2_state_score,S5-R5_residual_score,222343,0.2947715699120407,(none),False
S1-R2_slope_score,S1-R4_slope_score,222223,0.2825967770710819,LIT101,False
S5-R2_state_score,S6-R1_state_score,222343,0.2698813061637901,(none),False
S5-R4_residual_score,S6-R1_state_score,222343,0.25177810588651034,(none),False
S3-R2_state_score,S5-R2_state_score,222343,0.24835658022874652,(none),False
S1-R1_state_score,S3-R4_slope_score,220771,0.2444898761506617,(none),False
S1-R4_slope_score,S3-R4_slope_score,222043,0.22865911273820438,(none),False
S1-R1_state_score,S2_R1_score,220183,0.2253004621031567,(none),False
S1-R1_state_score,S1-R4_slope_score,221011,0.21684646203132008,(none),False
S3-R2_state_score,S4-R2_state_score,222343,0.21062381483108095,(none),False
S3-R2_state_score,S5-R3_residual_score,222343,0.1906284955630394,(none),False
S5-R3_residual_score,S6-R1_state_score,222343,0.15805508068194915,(none),False
S3-R1_state_score,S5-R5_residual_score,222343,-0.15525031937579223,(none),False
S3-R1_state_score,S3-R2_state_score,222343,0.15451506992425007,P302,False
S1-R2_slope_score,S3-R4_slope_score,222043,0.13334905089029214,(none),False
S5-R3_residual_score,S5-R5_residual_score,222343,0.13095706419684808,(none),False
S5-R1_state_score,S5-R4_residual_score,222343,0.11685337857155663,(none),False
S5-R5_residual_score,S6-R1_state_score,222343,0.11223641596891198,(none),False
S1-R2_slope_score,S2_R1_score,221318,0.11021898084975446,(none),False
S4-R2_state_score,S6-R1_state_score,222343,0.09893050065003388,(none),False
S3-R1_state_score,S4-R2_state_score,222343,0.09816194662380469,(none),False
S5-R4_residual_score,S5-R5_residual_score,222343,0.09774833589113949,(none),False
S3-R1_state_score,S6-R1_state_score,222343,-0.09227866758764051,(none),False
S5-R1_state_score,S5-R2_state_score,222343,0.08923041474025871,P501,False
S3-R1_state_score,S3-R4_slope_score,222043,0.08881025176957132,(none),False
S2_R1_score,S3-R1_state_score,221438,0.0829775854872283,(none),False
S3-R2_state_score,S6-R1_state_score,222343,0.07867110113178058,(none),False
S3-R1_state_score,S5-R2_state_score,222343,-0.07713993758967783,(none),False
S2_R1_score,S6-R1_state_score,221438,0.07052075218201902,(none),False
S2_R1_score,S3-R2_state_score,221438,0.06443835575219047,(none),False
S2_R1_score,S5-R4_residual_score,221438,0.058593898527323586,(none),False
S2_R1_score,S4-R2_state_score,221438,0.057027897741027476,(none),False
S2_R1_score,S5-R3_residual_score,221438,0.052550563015599565,(none),False
S3-R4_slope_score,S4-R2_state_score,222043,0.05143350737980398,(none),False
S1-R1_state_score,S5-R2_state_score,221071,-0.050744435719006165,(none),False
S3-R1_state_score,S5-R3_residual_score,222343,0.0501732775398925,(none),False
S2_R1_score,S5-R2_state_score,221438,0.04673878034382101,(none),False
S1-R3_slope_score,S3-R1_state_score,222043,0.04322451247179846,(none),False
S1-R4_slope_score,S3-R2_state_score,222283,-0.04181180856955092,(none),False
S3-R2_state_score,S3-R4_slope_score,222043,0.04152935468543005,(none),False
S3-R4_slope_score,S5-R3_residual_score,222043,0.040139275144115,(none),False
S1-R1_state_score,S5-R4_residual_score,221071,-0.03948300820135522,(none),False
S2_R1_score,S5-R5_residual_score,221438,-0.03946553249058817,(none),False
S1-R4_slope_score,S5-R3_residual_score,222283,0.03646426156475145,(none),False
S3-R1_state_score,S5-R4_residual_score,222343,0.034260113719724115,(none),False
S1-R4_slope_score,S4-R2_state_score,222283,0.03384112502189142,(none),False
S1-R3_slope_score,S4-R2_state_score,222043,0.032868974909027626,(none),False
S1-R4_slope_score,S3-R1_state_score,222283,0.03247674789821968,(none),False
S1-R1_state_score,S6-R1_state_score,221071,-0.03156964749055077,(none),False
S1-R2_slope_score,S3-R1_state_score,222223,-0.02806957311286218,(none),False
S1-R3_slope_score,S5-R3_residual_score,222043,0.026677048873486015,(none),False
S1-R3_slope_score,S3-R2_state_score,222043,-0.02663505018221265,(none),False
S1-R2_slope_score,S4-R2_state_score,222223,0.02603027272175461,(none),False
S1-R1_state_score,S5-R1_state_score,221071,0.024991537831397348,(none),False
S1-R4_slope_score,S5-R2_state_score,222283,0.02462347638796657,(none),False
S3-R2_state_score,S5-R1_state_score,222343,0.024329660567685395,(none),False
S5-R1_state_score,S6-R1_state_score,222343,0.022348884744374777,(none),False
S3-R4_slope_score,S5-R2_state_score,222043,0.022283161862478532,(none),False
S1-R1_state_score,S3-R1_state_score,221071,-0.021295059359625463,(none),False
S1-R2_slope_score,S5-R3_residual_score,222223,0.02101542538721526,(none),False
S1-R4_slope_score,S5-R4_residual_score,222283,0.020289744817004112,(none),False
S1-R3_slope_score,S6-R1_state_score,222043,0.019575657869412493,(none),False
S1-R1_state_score,S5-R3_residual_score,221071,-0.01876571590324096,(none),False
S1-R2_slope_score,S6-R1_state_score,222223,0.018732198758775697,(none),False
S3-R1_state_score,S5-R1_state_score,222343,0.01862897737170818,(none),False
S3-R4_slope_score,S5-R4_residual_score,222043,0.01798518388551783,(none),False
S1-R1_state_score,S5-R5_residual_score,221071,-0.016935917383574316,(none),False
S2_R3B_state_mismatch,S5-R3_residual_score,222343,-0.01495701789817439,(none),False
S1-R2_slope_score,S3-R2_state_score,222223,-0.01450284731571025,(none),False
S1-R2_slope_score,S5-R4_residual_score,222223,0.014491757412663016,(none),False
S2_R1_score,S5-R1_state_score,221438,0.01444930198681559,(none),False
S3-R2_state_score,S5-R5_residual_score,222343,0.014324576991486005,(none),False
S2_R3B_state_mismatch,S5-R2_state_score,222343,-0.014175882978802977,(none),False
S1-R4_slope_score,S5-R1_state_score,222283,-0.013001140810783934,(none),False
S1-R1_state_score,S4-R2_state_score,221071,-0.010502327799077863,(none),False
S4-R2_state_score,S5-R5_residual_score,222343,-0.010447996641499622,(none),False
S2_R3B_state_mismatch,S4-R2_state_score,222343,-0.010425012508032157,(none),False
S1-R4_slope_score,S6-R1_state_score,222283,0.010243991270956505,(none),False
S1-R4_slope_score,S2_R3B_state_mismatch,222283,-0.010196767799460032,(none),False
S2_R3B_state_mismatch,S6-R1_state_score,222343,0.009189604764016654,(none),False
S1-R3_slope_score,S5-R5_residual_score,222043,-0.008837871492589215,(none),False
S1-R4_slope_score,S5-R5_residual_score,222283,-0.0087765153659346,(none),False
S1-R3_slope_score,S5-R4_residual_score,222043,0.008607548478282294,(none),False
S1-R2_slope_score,S2_R3B_state_mismatch,222223,-0.008439782208583001,(none),False
S2_R3B_state_mismatch,S3-R1_state_score,222343,-0.007843779252443957,(none),False
S3-R4_slope_score,S6-R1_state_score,222043,-0.006531943269979572,(none),False
S1-R3_slope_score,S2_R3B_state_mismatch,222043,-0.005703092511865047,(none),False
S1-R1_state_score,S3-R2_state_score,221071,-0.0051423270175251735,(none),False
S1-R1_state_score,S2_R3B_state_mismatch,221071,-0.004780164342570469,(none),False
S2_R3B_state_mismatch,S3-R4_slope_score,222043,-0.0047185120047312035,(none),False
S3-R4_slope_score,S5-R1_state_score,222043,-0.004412025477614878,(none),False
S2_R3B_state_mismatch,S3-R2_state_score,222343,-0.004197737332248213,(none),False
S1-R3_slope_score,S5-R1_state_score,222043,-0.004082972675198008,(none),False
S3-R4_slope_score,S5-R5_residual_score,222043,0.004082187795513885,(none),False
S1-R3_slope_score,S5-R2_state_score,222043,0.0031492250199068256,(none),False
S1-R2_slope_score,S5-R1_state_score,222223,-0.003109368410825325,(none),False
S1-R2_slope_score,S5-R2_state_score,222223,-0.0031005046632573865,(none),False
S2_R3B_state_mismatch,S5-R4_residual_score,222343,-0.0027520170156979155,(none),False
S5-R1_state_score,S5-R5_residual_score,222343,0.002678700745055906,(none),False
S2_R3B_state_mismatch,S5-R5_residual_score,222343,0.0013657943745794593,(none),False
S1-R2_slope_score,S5-R5_residual_score,222223,-0.0011271813734123257,(none),False
S2_R3B_state_mismatch,S5-R1_state_score,222343,-0.00037145507626466426,(none),False
S2_R1_score,S2_R3B_state_mismatch,221438,-0.00033625564492450636,(none),False
