Feature_Name,Rule_ID,Stage,Physical_Relationship,TRAIN_Normal_Evidence,Key_Evidence_Or_Limitation,Final_Cross_Stage_Status,Group
S1-R1_state_score,S1-R1,Stage 1,MV101 <-> FIT101 (valve -> flow (state/event)),"{'N_Events_TRAIN_NORMAL': np.int64(63), 'State_SMD': np.float64(20.938528361400223), 'State_IQR_Overlap_Fraction': np.float64(0.0), 'State_KS_Statistic': np.float64(0.9967735672343344), 'Best_Event_Offset_Seconds': np.float64(0.0), 'Best_Event_Pct_Expected_Direction': np.float64(100.0), 'Best_Event_Median_Response': np.float64(1.048586), 'Best_Slope_Window_Seconds': np.float64(nan), 'Spearman_Rho': np.float64(nan), 'Spearman_Pvalue': np.float64(nan), 'Explained_Variance_Fraction': np.float64(nan), 'Coupling_Rate': np.float64(nan)}","Transitional-state rows are excluded from evaluability, mirroring MV201's treatment in Stage 2.",CORE,CORE
S1-R2_slope_score,S1-R2,Stage 1,P101 <-> LIT101 (rolling slope) (pump -> tank-level response (rolling/derivative)),"{'N_Events_TRAIN_NORMAL': np.int64(55825), 'State_SMD': np.float64(-1.777474734014283), 'State_IQR_Overlap_Fraction': np.float64(0.07029053039397953), 'State_KS_Statistic': np.float64(nan), 'Best_Event_Offset_Seconds': np.float64(nan), 'Best_Event_Pct_Expected_Direction': np.float64(nan), 'Best_Event_Median_Response': np.float64(nan), 'Best_Slope_Window_Seconds': np.float64(120.0), 'Spearman_Rho': np.float64(nan), 'Spearman_Pvalue': np.float64(nan), 'Explained_Variance_Fraction': np.float64(nan), 'Coupling_Rate': np.float64(nan)}",Confounded by simultaneous MV101/other-pump activity; state-conditioning only partially isolates this pump's own effect.,CORE,CORE
S1-R4_slope_score,S1-R4,Stage 1,"FIT101 <-> LIT101 (rolling slope) (flow <-> level change (rolling/derivative, mass-balance))","{'N_Events_TRAIN_NORMAL': np.int64(222283), 'State_SMD': np.float64(nan), 'State_IQR_Overlap_Fraction': np.float64(nan), 'State_KS_Statistic': np.float64(nan), 'Best_Event_Offset_Seconds': np.float64(nan), 'Best_Event_Pct_Expected_Direction': np.float64(nan), 'Best_Event_Median_Response': np.float64(nan), 'Best_Slope_Window_Seconds': np.float64(60.0), 'Spearman_Rho': np.float64(0.4491946459507727), 'Spearman_Pvalue': np.float64(0.0), 'Explained_Variance_Fraction': np.float64(0.3696280181717414), 'Coupling_Rate': np.float64(nan)}","Reflects overall tank-level dynamics, not attributable to any single actuator; correlation with FIT101 motivated the window choice but the score itself is unconditional.",CORE,CORE
S2_R1_score,S2-R1,Stage 2,MV201 valve state <-> FIT201 flow physical consistency,"n=64, consistency=100.0%, median=0.6396693499999999","Requires detecting the full 3-state sequence, not a simple 2-state transition; only 64 usable NORMAL TRAIN sequences; transitional-state dwell time varies (median 7.0s), so the true 'moment of opening' has some inherent jitter; VALIDATION attack-period coverage for this exact sequence has not yet been confirmed nonzero (see Part 4).",CORE,CORE
S2_R3B_state_mismatch,S2-R3B,Stage 2,P205 (bleach pump) <-> P203 (acid pump) bidirectional transition coupling,"n=activation: 64, deactivation: 59, consistency=100.0%, median=0.0","The event-based coupling_consistent companion feature remains sparse (0.059% VALIDATION coverage); TRAIN-NORMAL mismatch rate, while low, is not exactly zero (0.0094%), so the steady-state equality assumption is a very strong but not perfectly absolute regularity.",CORE,CORE
S5-R3_residual_score,S5-R3,Stage 5,FIT501 <-> FIT503 (sensor-sensor consistency (same instrument type)),"n=222343, rho=-0.828, CV=0.016",Relationship strength depends on the discovery-stage correlation continuing to hold; monitor for regime changes not present in TRAIN.,CORE,CORE
S1-R3_slope_score,S1-R3,Stage 1,P102 <-> LIT101 (rolling slope) (pump -> tank-level response (rolling/derivative)),"{'N_Events_TRAIN_NORMAL': np.int64(45), 'State_SMD': np.float64(-2.589875046641732), 'State_IQR_Overlap_Fraction': np.float64(0.0), 'State_KS_Statistic': np.float64(nan), 'Best_Event_Offset_Seconds': np.float64(nan), 'Best_Event_Pct_Expected_Direction': np.float64(nan), 'Best_Event_Median_Response': np.float64(nan), 'Best_Slope_Window_Seconds': np.float64(300.0), 'Spearman_Rho': np.float64(nan), 'Spearman_Pvalue': np.float64(nan), 'Explained_Variance_Fraction': np.float64(nan), 'Coupling_Rate': np.float64(nan)}",Meaningful but non-disqualifying limitation: dependence on a rare/thin actuator state: thin TRAIN-NORMAL reference sample (n=45 < 100); minority actuator state is only 0.70% of all TRAIN rows (< 5.0%).,RETAIN_WITH_CAVEAT,RETAIN_WITH_CAVEAT
S3-R1_state_score,S3-R1,Stage 3,P302 <-> FIT301 (actuator -> flow (state/event)),"{'N_Events_TRAIN_NORMAL': np.int64(111), 'State_SMD': np.float64(8.950319167913086), 'State_IQR_Overlap_Fraction': np.float64(0.0), 'State_KS_Statistic': np.float64(0.9848622546032887), 'Mode': 'direct_two_state', 'Best_Event_Offset_Seconds': np.float64(5.0), 'Best_Event_Pct_Expected_Direction': np.float64(100.0), 'Best_Event_Median_Response': np.float64(0.59098743), 'Spearman_Rho': np.float64(nan), 'Spearman_Pvalue': np.float64(nan), 'Residual_Formalization': nan, 'Residual_Stability_CV': np.float64(nan), 'Best_Lag_Seconds': np.float64(nan), 'Flow_Conditioning_Helps': nan, 'Best_Slope_Window_Seconds': np.float64(nan), 'Explained_Variance_Fraction': np.float64(nan), 'Coupling_Rate': np.float64(nan)}","Meaningful but non-disqualifying limitation: partial distribution shift (VALIDATION-NORMAL median=0.886 vs TRAIN-NORMAL median=0.535, delta=+0.351).",RETAIN_WITH_CAVEAT,RETAIN_WITH_CAVEAT
S3-R2_state_score,S3-R2,Stage 3,P302 <-> DPIT301 (actuator -> differential pressure (state/event)),"{'N_Events_TRAIN_NORMAL': np.int64(111), 'State_SMD': np.float64(7.491421888357206), 'State_IQR_Overlap_Fraction': np.float64(0.0), 'State_KS_Statistic': np.float64(0.9732310584847484), 'Mode': 'direct_two_state', 'Best_Event_Offset_Seconds': np.float64(5.0), 'Best_Event_Pct_Expected_Direction': np.float64(100.0), 'Best_Event_Median_Response': np.float64(3.9938540999999996), 'Spearman_Rho': np.float64(nan), 'Spearman_Pvalue': np.float64(nan), 'Residual_Formalization': nan, 'Residual_Stability_CV': np.float64(nan), 'Best_Lag_Seconds': np.float64(nan), 'Flow_Conditioning_Helps': nan, 'Best_Slope_Window_Seconds': np.float64(nan), 'Explained_Variance_Fraction': np.float64(nan), 'Coupling_Rate': np.float64(nan)}","Meaningful but non-disqualifying limitation: partial distribution shift (VALIDATION-NORMAL median=0.955 vs TRAIN-NORMAL median=0.491, delta=+0.464).",RETAIN_WITH_CAVEAT,RETAIN_WITH_CAVEAT
S3-R4_slope_score,S3-R4,Stage 3,"FIT301 <-> LIT301 (rolling slope) (flow <-> level change (rolling/derivative, mass-balance))","{'N_Events_TRAIN_NORMAL': np.int64(222043), 'State_SMD': np.float64(nan), 'State_IQR_Overlap_Fraction': np.float64(nan), 'State_KS_Statistic': np.float64(nan), 'Mode': nan, 'Best_Event_Offset_Seconds': np.float64(nan), 'Best_Event_Pct_Expected_Direction': np.float64(nan), 'Best_Event_Median_Response': np.float64(nan), 'Spearman_Rho': np.float64(-0.2315591382668272), 'Spearman_Pvalue': np.float64(0.0), 'Residual_Formalization': nan, 'Residual_Stability_CV': np.float64(nan), 'Best_Lag_Seconds': np.float64(nan), 'Flow_Conditioning_Helps': nan, 'Best_Slope_Window_Seconds': np.float64(300.0), 'Explained_Variance_Fraction': np.float64(0.07750584362941859), 'Coupling_Rate': np.float64(nan)}",Meaningful but non-disqualifying limitation: low explained variance (7.75% < 15%).,RETAIN_WITH_CAVEAT,RETAIN_WITH_CAVEAT
S4-R2_state_score,S4-R2,Stage 4,P402 <-> FIT401 (pump -> flow (state/event)),"{'N_Events_TRAIN_NORMAL': np.int64(1), 'State_SMD': np.float64(146.67271999075766), 'State_IQR_Overlap_Fraction': np.float64(0.0), 'State_KS_Statistic': np.float64(0.9999910022584332), 'Best_Event_Offset_Seconds': np.float64(nan), 'Best_Event_Pct_Expected_Direction': np.float64(nan), 'Best_Event_Median_Response': np.float64(nan), 'Best_Slope_Window_Seconds': np.float64(nan), 'Spearman_Rho': np.float64(nan), 'Spearman_Pvalue': np.float64(nan), 'Explained_Variance_Fraction': np.float64(nan), 'Coupling_Rate': np.float64(nan), 'Residual_Formalization': nan, 'Residual_Stability_CV': np.float64(nan), 'Best_Lag_Seconds': np.float64(nan)}",Meaningful but non-disqualifying limitation: dependence on a rare/thin actuator state: thin TRAIN-NORMAL reference sample (n=65 < 100).,RETAIN_WITH_CAVEAT,RETAIN_WITH_CAVEAT
S5-R1_state_score,S5-R1,Stage 5,P501 <-> FIT504 (pump -> sensor (state/event)),"n_events=1, SMD=5.816593930505326, KS=0.9774695982519443",Meaningful but non-disqualifying limitation: dependence on a rare/thin actuator state: thin TRAIN-NORMAL reference sample (n=89 < 100).,RETAIN_WITH_CAVEAT,RETAIN_WITH_CAVEAT
S5-R2_state_score,S5-R2,Stage 5,P501 <-> PIT501 (pump -> sensor (state/event)),"n_events=1, SMD=3.484256404612514, KS=0.9774695982519443",Meaningful but non-disqualifying limitation: dependence on a rare/thin actuator state: thin TRAIN-NORMAL reference sample (n=89 < 100).,RETAIN_WITH_CAVEAT,RETAIN_WITH_CAVEAT
S5-R4_residual_score,S5-R4,Stage 5,PIT501 <-> PIT503 (sensor-sensor consistency (same instrument type)),"n=222343, rho=0.996, CV=0.018","Multiple noted limitations, but coverage/robustness remain adequate: source sensors PIT501/PIT503 are themselves near-collinear (raw Spearman rho=0.9962, |rho|>=0.95) -- distinct from, and not resolved by, the cross-feature score-redundancy check above; partial distribution shift (VALIDATION-NORMAL median=0.994 vs TRAIN-NORMAL median=0.500, delta=+0.494).",RETAIN_WITH_CAVEAT,RETAIN_WITH_CAVEAT
S5-R5_residual_score,S5-R5,Stage 5,AIT501 <-> AIT504 (sensor-sensor consistency (same instrument type)),"n=222343, rho=-0.758, CV=0.103",Meaningful but non-disqualifying limitation: best lag (-30s) hit the edge of the tested +/-30s grid -- unexplored beyond.,RETAIN_WITH_CAVEAT,RETAIN_WITH_CAVEAT
S6-R1_state_score,S6-R1,Stage 6,P602 <-> FIT601 (actuator -> flow (state/event)),"{'N_Events_TRAIN_NORMAL': np.int64(64), 'State_SMD': np.float64(3.0953243564550053), 'State_IQR_Overlap_Fraction': np.float64(0.0), 'State_KS_Statistic': np.float64(0.9946906751010814), 'Mode': 'direct_two_state', 'Thin_Minority_Reference': np.False_, 'Best_Event_Offset_Seconds': np.int64(0), 'Best_Event_Pct_Expected_Direction': np.float64(100.0), 'Best_Event_Median_Response': np.float64(0.0261173013)}",Meaningful but non-disqualifying limitation: dependence on a rare/thin actuator state: minority actuator state is only 0.85% of all TRAIN rows (< 5.0%).,RETAIN_WITH_CAVEAT,RETAIN_WITH_CAVEAT
