Stage,Rule ID,Feature name,Physical relationship,Representation,Coverage,Final status,Main limitation
Stage 1,S1-R1,S1-R1_state_score,MV101 <-> FIT101 (valve -> flow (state/event)),A: state-based (+event-response secondary evidence),99.58%,CORE,"No caveat triggered under the cross-stage framework: adequate reference sample(s), strong coverage, not saturated, no boundary-lag issue, no flagged redundancy."
Stage 1,S1-R2,S1-R2_slope_score,P101 <-> LIT101 (rolling slope) (pump -> tank-level response (rolling/derivative)),C: rolling-window,99.82%,CORE,"No caveat triggered under the cross-stage framework: adequate reference sample(s), strong coverage, not saturated, no boundary-lag issue, no flagged redundancy."
Stage 1,S1-R3,S1-R3_slope_score,P102 <-> LIT101 (rolling slope) (pump -> tank-level response (rolling/derivative)),C: rolling-window,99.55%,RETAIN_WITH_CAVEAT,Meaningful but non-disqualifying limitation: dependence on a rare/thin actuator state: thin TRAIN-NORMAL reference sample (n=45 < 100); minority actuator state is only 0.70% of all TRAIN rows (< 5.0%).
Stage 1,S1-R4,S1-R4_slope_score,"FIT101 <-> LIT101 (rolling slope) (flow <-> level change (rolling/derivative, mass-balance))",C: rolling-window,99.91%,CORE,"No caveat triggered under the cross-stage framework: adequate reference sample(s), strong coverage, not saturated, no boundary-lag issue, no flagged redundancy."
Stage 2,S2-R1,S2_R1_score,MV201 valve state <-> FIT201 flow physical consistency,"State-based (continuous score, empirical two-sided extremeness)",99.58% of VALIDATION rows (100% of VALIDATION ATTACK timestamps),CORE,"No caveat triggered under the cross-stage framework: adequate reference sample(s), strong coverage, not saturated, no boundary-lag issue, no flagged redundancy."
Stage 2,S2-R3B,S2_R3B_state_mismatch,P205 (bleach pump) <-> P203 (acid pump) bidirectional transition coupling,"State-based (binary/continuous score, every row)","100% of all rows, all splits, all label strata",CORE,"No caveat triggered under the cross-stage framework: adequate reference sample(s), strong coverage, not saturated, no boundary-lag issue, no flagged redundancy."
Stage 3,S3-R1,S3-R1_state_score,P302 <-> FIT301 (actuator -> flow (state/event)),A: state-based (+event-response secondary evidence),100.00%,RETAIN_WITH_CAVEAT,"Meaningful but non-disqualifying limitation: partial distribution shift (VALIDATION-NORMAL median=0.886 vs TRAIN-NORMAL median=0.535, delta=+0.351)."
Stage 3,S3-R2,S3-R2_state_score,P302 <-> DPIT301 (actuator -> differential pressure (state/event)),A: state-based (+event-response secondary evidence),100.00%,RETAIN_WITH_CAVEAT,"Meaningful but non-disqualifying limitation: partial distribution shift (VALIDATION-NORMAL median=0.955 vs TRAIN-NORMAL median=0.491, delta=+0.464)."
Stage 3,S3-R4,S3-R4_slope_score,"FIT301 <-> LIT301 (rolling slope) (flow <-> level change (rolling/derivative, mass-balance))",C: rolling-window,99.55%,RETAIN_WITH_CAVEAT,Meaningful but non-disqualifying limitation: low explained variance (7.75% < 15%).
Stage 4,S4-R2,S4-R2_state_score,P402 <-> FIT401 (pump -> flow (state/event)),A: state-based,100.00%,RETAIN_WITH_CAVEAT,Meaningful but non-disqualifying limitation: dependence on a rare/thin actuator state: thin TRAIN-NORMAL reference sample (n=65 < 100).
Stage 5,S5-R1,S5-R1_state_score,P501 <-> FIT504 (pump -> sensor (state/event)),n/a in the source retained-features table (see Physical_Relationship for the underlying construction),100.00%,RETAIN_WITH_CAVEAT,Meaningful but non-disqualifying limitation: dependence on a rare/thin actuator state: thin TRAIN-NORMAL reference sample (n=89 < 100).
Stage 5,S5-R2,S5-R2_state_score,P501 <-> PIT501 (pump -> sensor (state/event)),n/a in the source retained-features table (see Physical_Relationship for the underlying construction),100.00%,RETAIN_WITH_CAVEAT,Meaningful but non-disqualifying limitation: dependence on a rare/thin actuator state: thin TRAIN-NORMAL reference sample (n=89 < 100).
Stage 5,S5-R3,S5-R3_residual_score,FIT501 <-> FIT503 (sensor-sensor consistency (same instrument type)),n/a in the source retained-features table (see Physical_Relationship for the underlying construction),100.00%,CORE,"No caveat triggered under the cross-stage framework: adequate reference sample(s), strong coverage, not saturated, no boundary-lag issue, no flagged redundancy."
Stage 5,S5-R4,S5-R4_residual_score,PIT501 <-> PIT503 (sensor-sensor consistency (same instrument type)),n/a in the source retained-features table (see Physical_Relationship for the underlying construction),100.00%,RETAIN_WITH_CAVEAT,"Multiple noted limitations, but coverage/robustness remain adequate: source sensors PIT501/PIT503 are themselves near-collinear (raw Spearman rho=0.9962, |rho|>=0.95) -- distinct from, and not resolved by, the cross-feature score-redundancy check above; partial distribution shift (VALIDATION-NORMAL median=0.994 vs TRAIN-NORMAL median=0.500, delta=+0.494)."
Stage 5,S5-R5,S5-R5_residual_score,AIT501 <-> AIT504 (sensor-sensor consistency (same instrument type)),n/a in the source retained-features table (see Physical_Relationship for the underlying construction),100.00%,RETAIN_WITH_CAVEAT,Meaningful but non-disqualifying limitation: best lag (-30s) hit the edge of the tested +/-30s grid -- unexplored beyond.
Stage 6,S6-R1,S6-R1_state_score,P602 <-> FIT601 (actuator -> flow (state/event)),A: state-based (+event-response secondary evidence),100.00%,RETAIN_WITH_CAVEAT,Meaningful but non-disqualifying limitation: dependence on a rare/thin actuator state: minority actuator state is only 0.85% of all TRAIN rows (< 5.0%).
