Stage,Rule_ID,Physical_Relationship,Final_Decision,Main_Limitation,Decision_Rationale,Coverage
Stage 1,S1-R5,P101 <-> P102 (actuator-actuator control coupling),REJECT,"Extremely sparse (TRAIN transition-active rows=125); P102 has only 4 TRAIN transitions overall, so any coupling claim rests on very little data.","Relationship not empirically supported beyond correlation (coupling_rate=0.0, n_transition_active=125).","VALIDATION NORMAL=0.06%, ATTACK=0.06%"
Stage 2,S2-R2,P205 (bleach/NaOCl dosing pump) activation -> AIT203 (ORP) response,LIMITED,"n=64 usable TRAIN NORMAL events; response magnitude is large and clear; no VALIDATION-ATTACK transitions of this actuator were found in the prior transition-only analysis, so attack behavior for this exact rule remains untested under the transition-triggered formulation.","Physical relationship well-supported (n=64, consistency=98.4%), BUT practical use is constrained: the available fallback feature is saturated in VALIDATION (NORMAL mean=0.978 >= 0.9, barely distinguishable from ATTACK mean=0.993).","VALIDATION NORMAL=0.180%, ATTACK=0.000% (event-based); continuous feature coverage=100.00%"
Stage 2,S2-R4,P203 (acid/HCl dosing pump) activation -> AIT202 (pH) response,LIMITED,"n=64 usable TRAIN NORMAL events; response magnitude is small, closer to the sensor noise floor; no VALIDATION-ATTACK transitions of this actuator were found in the prior transition-only analysis, so attack behavior for this exact rule remains untested under the transition-triggered formulation.","Physical relationship well-supported (n=64, consistency=95.3%), BUT practical use is constrained: no continuously-evaluable feature reaches 90% VALIDATION coverage (best=0.029%).","VALIDATION NORMAL=0.180%, ATTACK=0.000% (event-based); continuous feature coverage=0.03%"
Stage 3,S3-R3,FIT301 <-> DPIT301 (flow <-> differential-pressure consistency (sensor-sensor)),REJECT,Flow-conditioned residual was tested and did NOT improve stability over the pooled residual; pooled formulation used.,"Relationship not empirically supported beyond correlation (Spearman rho=0.196 (p=0.00e+00), residual CV=0.392).","VALIDATION NORMAL=100.00%, ATTACK=100.00%"
Stage 3,S3-R5,P302 <-> LIT301 (rolling slope) (pump -> tank-level response (rolling/derivative)),REJECT,Confounded by simultaneous valve-driven inflow; state-conditioning only partially isolates this pump's own effect.,"Relationship not empirically supported beyond correlation (state SMD=-0.853 (best window=300s), overlap_frac=0.707).","VALIDATION NORMAL=99.55%, ATTACK=100.00%"
Stage 3,S3-R6,MV304 <-> P302 (actuator-actuator control coupling),REJECT,Coverage bounded by actuator switch frequency (TRAIN transition-active rows=625).,"Relationship not empirically supported beyond correlation (coupling_rate=0.064, n_transition_active=625).","VALIDATION NORMAL=0.28%, ATTACK=0.24%"
Stage 4,S4-R1,UV401 <-> AIT402 (actuator -> analyzer response (state/event)),REJECT,Too few TRAIN transitions (1) for a robust event-based companion check.,"Relationship not empirically supported beyond correlation (state SMD=-2.361, IQR overlap fraction=0.400).","VALIDATION NORMAL=100.00%, ATTACK=100.00%"
Stage 4,S4-R3,P402 <-> LIT401 (rolling slope) (pump -> tank-level response (rolling/derivative)),REJECT,Confounded by simultaneous inflow/other-pump activity; state-conditioning only partially isolates this pump's own effect.,"Relationship not empirically supported beyond correlation (state SMD=0.037 (best window=30s), overlap_frac=0.033).","VALIDATION NORMAL=99.95%, ATTACK=100.00%"
Stage 4,S4-R4,"FIT401 <-> LIT401 (rolling slope) (flow <-> level change (rolling/derivative, mass-balance))",REJECT,"Reflects overall tank-level dynamics, not attributable to any single actuator.","Relationship not empirically supported beyond correlation (rho=-0.141 (window=300s), explained_var=0.000).","VALIDATION NORMAL=99.55%, ATTACK=100.00%"
Stage 4,S4-R5,P402 <-> P403 (actuator-actuator control coupling),REJECT,Extremely sparse (TRAIN transition-active rows=3).,"n=3 below the minimum characterization bar (10); coupling_rate=0.0, n_transition_active=3.","VALIDATION NORMAL=0.00%, ATTACK=0.00%"
Stage 4,S4-R6,AIT401 <-> AIT402 (sensor-sensor consistency (same instrument type)),REJECT,Relationship strength depends on the discovery-stage correlation continuing to hold.,"Relationship not empirically supported beyond correlation (Spearman rho=0.030 (p=8.61e-46), residual CV=0.023).","VALIDATION NORMAL=100.00%, ATTACK=100.00%"
