From,To,Metric,Seed_7_Delta,Seed_21_Delta,Seed_42_Delta,Seed_84_Delta,Seed_123_Delta,Mean_Delta,Median_Delta,N_Seeds_Second_Higher,N_Seeds_Total
full_lstm,selected_lstm,MCC,0.0007161224370286767,0.0011157247160895611,-0.0033351109124828415,-0.0025727230249235067,-0.002214322451793649,-0.0012580618472163517,-0.002214322451793649,2,5
full_lstm,selected_lstm,F1,0.002351655368896699,0.0011437662809989924,-0.003851461677556456,-0.003818848655840812,-0.002844176271885712,-0.0014038129910774577,-0.002844176271885712,2,5
full_lstm,selected_lstm,ROC_AUC,0.13683875932534262,0.12807826296873404,0.04133503679752781,0.14352173195478912,-0.0778523031284678,0.07438429758358515,0.12807826296873404,4,5
selected_lstm,neurosymbolic_core,MCC,2.4855675438528735e-05,5.556643325355104e-06,0.0018544024128488434,0.0,0.005551516269155954,0.0014872662001537361,2.4855675438528735e-05,4,5
selected_lstm,neurosymbolic_core,F1,-0.0014960844106572946,-0.00013627270997562668,0.002142774111052237,0.0,0.0064053229688163515,0.0013831479918471334,0.0,2,5
selected_lstm,neurosymbolic_core,ROC_AUC,-0.11496369118718253,0.011229984071511767,-0.13537133681437963,-0.13847450092610836,0.030957396283314176,-0.06932442971456891,-0.11496369118718253,2,5
selected_lstm,neurosymbolic_extended,MCC,0.003330871325560647,-0.0014757755077904333,0.0014838352415096345,0.0018551867585966386,-0.007082823706758057,-0.000377741177776314,0.0014838352415096345,3,5
selected_lstm,neurosymbolic_extended,F1,0.003005926535338377,-0.0018461871214929815,0.0017148350285288716,0.0021443151220359447,-0.008213320687166403,-0.0006388862245512384,0.0017148350285288716,3,5
selected_lstm,neurosymbolic_extended,ROC_AUC,0.05960638153733533,-0.11482054160338173,-0.0506397959792545,-0.13704906533626016,0.10260841233645857,-0.028058921809020497,-0.0506397959792545,2,5
neurosymbolic_core,neurosymbolic_extended,MCC,0.0033060156501221183,-0.0014813321511157884,-0.0003705671713392089,0.0018551867585966386,-0.01263433997591401,-0.0018650073779300502,-0.0003705671713392089,2,5
neurosymbolic_core,neurosymbolic_extended,F1,0.004502010945995671,-0.0017099144115173548,-0.0004279390825233653,0.0021443151220359447,-0.014618643655982755,-0.0020220342163983717,-0.0004279390825233653,2,5
neurosymbolic_core,neurosymbolic_extended,ROC_AUC,0.17457007272451786,-0.1260505256748935,0.08473154083512513,0.0014254355898482007,0.07165101605314439,0.041265507905548414,0.07165101605314439,4,5
