Model,Seed,Best_Epoch,Validation_BCE_Loss,Selected_Threshold,Accuracy,Precision,Recall,F1,ROC_AUC,MCC,FPR,TN,FP,FN,TP
full_lstm,42,1,0.4006892401757828,0.9679598212242126,0.9922434017595307,1.0,0.6811332127787824,0.8103262818214414,0.8557727065971437,0.8220467888678915,0.0,66541,0,529,1130
full_lstm,7,2,1.2279791490423364,0.9985994696617126,0.9921700879765396,1.0,0.6781193490054249,0.8081896551724138,0.7642220141929563,0.8201955131969183,0.0,66541,0,534,1125
full_lstm,21,5,1.3827085131896752,0.9987447261810303,0.9921847507331378,0.9982300884955753,0.6799276672694394,0.8088920760129078,0.8240035178789414,0.8205555639886192,3.0056656798064352e-05,66539,2,531,1128
full_lstm,84,5,1.3338366227564225,0.9842320680618286,0.9921994134897361,0.9947322212467077,0.6829415310427969,0.8098641887062187,0.7725321996882749,0.8209130494632452,9.016997039419306e-05,66535,6,526,1133
full_lstm,123,1,0.6093180872915078,0.9874927997589111,0.9921994134897361,0.9982316534040672,0.6805304400241109,0.8093189964157707,0.8619377725928384,0.8209260004072023,3.0056656798064352e-05,66539,2,530,1129
selected_lstm,42,1,1.1794723817207946,0.985751211643219,0.9921114369501466,1.0,0.675708257986739,0.8064748201438849,0.8971077433946715,0.8187116779554087,0.0,66541,0,538,1121
selected_lstm,7,1,0.33335755097901015,0.7576127648353577,0.9921994134897361,0.9904264577893821,0.6859553948161543,0.8105413105413105,0.9010607735182989,0.820911635633947,0.00016531161238935392,66530,11,521,1138
selected_lstm,21,1,0.8018811654904721,0.990199625492096,0.9922287390029325,0.9991158267020336,0.6811332127787824,0.8100358422939068,0.9520817808476755,0.8216712887047087,1.5028328399032176e-05,66540,1,529,1130
selected_lstm,84,3,0.7326896582897807,0.9305657148361206,0.9920967741935484,1.0,0.6751054852320675,0.8060453400503779,0.916053931643064,0.8183403264383217,0.0,66541,0,539,1120
selected_lstm,123,1,1.7494207525567924,0.9555404186248779,0.9921114369501466,1.0,0.675708257986739,0.8064748201438849,0.7840854694643706,0.8187116779554087,0.0,66541,0,538,1121
neurosymbolic_core,42,1,1.6026322825703103,0.9727046489715576,0.9921847507331378,1.0,0.6787221217600965,0.8086175942549372,0.7617364065802918,0.8205660803682575,0.0,66541,0,533,1126
neurosymbolic_core,7,1,0.6633133740701284,0.9915481209754944,0.9921994134897361,1.0,0.679324894514768,0.8090452261306532,0.7860970823311164,0.8209364913093855,0.0,66541,0,532,1127
neurosymbolic_core,21,1,0.32734344129338644,0.957547128200531,0.9922287390029325,1.0,0.6805304400241109,0.8098995695839312,0.9633117649191872,0.8216768453480341,0.0,66541,0,530,1129
neurosymbolic_core,84,1,2.2627693575170555,0.9927288889884949,0.9920967741935484,1.0,0.6751054852320675,0.8060453400503779,0.7775794307169557,0.8183403264383217,0.0,66541,0,539,1120
neurosymbolic_core,123,2,0.2329272764152096,0.5584052801132202,0.9923313782991202,1.0,0.6847498493068114,0.8128801431127013,0.8150428657476848,0.8242631942245646,0.0,66541,0,523,1136
neurosymbolic_extended,42,1,1.1498119245858487,0.9969538450241089,0.9921700879765396,1.0,0.6781193490054249,0.8081896551724138,0.846467947415417,0.8201955131969183,0.0,66541,0,534,1125
neurosymbolic_extended,7,3,0.34327023176591065,0.9679002165794373,0.9923313782991202,0.9956369982547993,0.6877637130801688,0.8135472370766489,0.9606671550556343,0.8242425069595076,7.514164199516088e-05,66536,5,518,1141
neurosymbolic_extended,21,1,0.8089943502445724,0.9986226558685303,0.9921700879765396,1.0,0.6781193490054249,0.8081896551724138,0.8372612392442937,0.8201955131969183,0.0,66541,0,534,1125
neurosymbolic_extended,84,1,1.2369179381067452,0.9981732368469238,0.9921700879765396,1.0,0.6781193490054249,0.8081896551724138,0.7790048663068039,0.8201955131969183,0.0,66541,0,534,1125
neurosymbolic_extended,123,4,0.7017437201860713,0.9921030402183533,0.99183284457478,1.0,0.6642555756479807,0.7982614994567185,0.8866938818008292,0.8116288542486506,0.0,66541,0,557,1102
