Model,Metric,Seed_7,Seed_21,Seed_42,Seed_84,Seed_123,Mean,Std,Median,Min,Max
full_lstm,MCC,0.8201955131969183,0.8205555639886192,0.8220467888678915,0.8209130494632452,0.8209260004072023,0.8209273831847753,0.0006941108781735769,0.8209130494632452,0.8201955131969183,0.8220467888678915
full_lstm,F1,0.8081896551724138,0.8088920760129078,0.8103262818214414,0.8098641887062187,0.8093189964157707,0.8093182396257506,0.0008320949964867174,0.8093189964157707,0.8081896551724138,0.8103262818214414
full_lstm,ROC_AUC,0.7642220141929563,0.8240035178789414,0.8557727065971437,0.7725321996882749,0.8619377725928384,0.815693642190031,0.04562385242920672,0.8240035178789414,0.7642220141929563,0.8619377725928384
selected_lstm,MCC,0.820911635633947,0.8216712887047087,0.8187116779554087,0.8183403264383217,0.8187116779554087,0.8196693213375589,0.001512581178573064,0.8187116779554087,0.8183403264383217,0.8216712887047087
selected_lstm,F1,0.8105413105413105,0.8100358422939068,0.8064748201438849,0.8060453400503779,0.8064748201438849,0.807914426634673,0.002181704712743212,0.8064748201438849,0.8060453400503779,0.8105413105413105
selected_lstm,ROC_AUC,0.9010607735182989,0.9520817808476755,0.8971077433946715,0.916053931643064,0.7840854694643706,0.890077939773616,0.06309451838275863,0.9010607735182989,0.7840854694643706,0.9520817808476755
neurosymbolic_core,MCC,0.8209364913093855,0.8216768453480341,0.8205660803682575,0.8183403264383217,0.8242631942245646,0.8211565875377127,0.0021360091843692134,0.8209364913093855,0.8183403264383217,0.8242631942245646
neurosymbolic_core,F1,0.8090452261306532,0.8098995695839312,0.8086175942549372,0.8060453400503779,0.8128801431127013,0.8092975746265202,0.0024647655920130786,0.8090452261306532,0.8060453400503779,0.8128801431127013
neurosymbolic_core,ROC_AUC,0.7860970823311164,0.9633117649191872,0.7617364065802918,0.7775794307169557,0.8150428657476848,0.8207535100590473,0.08201151611228169,0.7860970823311164,0.7617364065802918,0.9633117649191872
neurosymbolic_extended,MCC,0.8242425069595076,0.8201955131969183,0.8201955131969183,0.8201955131969183,0.8116288542486506,0.8192915801597825,0.004628183482000395,0.8201955131969183,0.8116288542486506,0.8242425069595076
neurosymbolic_extended,F1,0.8135472370766489,0.8081896551724138,0.8081896551724138,0.8081896551724138,0.7982614994567185,0.8072755404101217,0.005547385212478009,0.8081896551724138,0.7982614994567185,0.8135472370766489
neurosymbolic_extended,ROC_AUC,0.9606671550556343,0.8372612392442937,0.846467947415417,0.7790048663068039,0.8866938818008292,0.8620190179645956,0.0672429115868744,0.846467947415417,0.7790048663068039,0.9606671550556343
