Ablation_Row,Metric,Seed_7,Seed_21,Seed_42,Seed_84,Seed_123,Mean,Std,Median,Min,Max
Selected LSTM,MCC,0.820911635633947,0.8216712887047087,0.8187116779554087,0.8183403264383217,0.8187116779554087,0.8196693213375589,0.001512581178573064,0.8187116779554087,0.8183403264383217,0.8216712887047087
Selected LSTM,F1,0.8105413105413105,0.8100358422939068,0.8064748201438849,0.8060453400503779,0.8064748201438849,0.807914426634673,0.002181704712743212,0.8064748201438849,0.8060453400503779,0.8105413105413105
Selected LSTM,ROC_AUC,0.9010607735182989,0.9520817808476755,0.8971077433946715,0.916053931643064,0.7840854694643706,0.890077939773616,0.06309451838275863,0.9010607735182989,0.7840854694643706,0.9520817808476755
LSTM + Shuffled CORE,MCC,0.8227615519613828,0.8179688174098098,0.8209364913093855,0.8213067462321767,0.8198247895830215,0.8205596792991553,0.0017889220035174002,0.8209364913093855,0.8179688174098098,0.8227615519613828
LSTM + Shuffled CORE,F1,0.8121212121212121,0.8056155507559395,0.8090452261306532,0.8094725511302476,0.8077614085519224,0.8088031897379949,0.0023854899467359997,0.8090452261306532,0.8056155507559395,0.8121212121212121
LSTM + Shuffled CORE,ROC_AUC,0.9658249289965835,0.821221664682411,0.8602100447589638,0.8353111030205137,0.7450741800192096,0.8455283842955363,0.0798014198381965,0.8353111030205137,0.7450741800192096,0.9658249289965835
LSTM + CORE,MCC,0.8209364913093855,0.8216768453480341,0.8205660803682575,0.8183403264383217,0.8242631942245646,0.8211565875377127,0.0021360091843692134,0.8209364913093855,0.8183403264383217,0.8242631942245646
LSTM + CORE,F1,0.8090452261306532,0.8098995695839312,0.8086175942549372,0.8060453400503779,0.8128801431127013,0.8092975746265202,0.0024647655920130786,0.8090452261306532,0.8060453400503779,0.8128801431127013
LSTM + CORE,ROC_AUC,0.7860970823311164,0.9633117649191872,0.7617364065802918,0.7775794307169557,0.8150428657476848,0.8207535100590473,0.08201151611228169,0.7860970823311164,0.7617364065802918,0.9633117649191872
LSTM + Extended,MCC,0.8242425069595076,0.8201955131969183,0.8201955131969183,0.8201955131969183,0.8116288542486506,0.8192915801597825,0.004628183482000395,0.8201955131969183,0.8116288542486506,0.8242425069595076
LSTM + Extended,F1,0.8135472370766489,0.8081896551724138,0.8081896551724138,0.8081896551724138,0.7982614994567185,0.8072755404101217,0.005547385212478009,0.8081896551724138,0.7982614994567185,0.8135472370766489
LSTM + Extended,ROC_AUC,0.9606671550556343,0.8372612392442937,0.846467947415417,0.7790048663068039,0.8866938818008292,0.8620190179645956,0.0672429115868744,0.846467947415417,0.7790048663068039,0.9606671550556343
