Rank,Feature,MDI_Importance,Cumulative_MDI,Permutation_Importance_Mean,Permutation_Importance_STD,Permutation_Rank,Constant_In_Train
1,PIT501,0.08551881300137591,0.08551881300137591,-9.772189898198236e-05,3.577587232129478e-05,39,False
2,PIT503,0.0704715077474844,0.15599032074886032,-0.00021222581849171632,7.992731675198956e-05,42,False
3,FIT401,0.06847159887466668,0.22446191962352702,-1.1722113054070046e-05,3.4510697701145325e-05,33,False
4,AIT201,0.061208892553440336,0.2856708121769673,1.4978905841903783e-05,3.2992124856443556e-05,11,False
5,FIT504,0.05948959309138605,0.3451604052683534,-1.1030291469495135e-05,1.7968146323751317e-06,32,False
6,FIT501,0.04779449307097132,0.39295489833932473,-1.4063670510627499e-05,4.719902995538825e-06,34,False
7,AIT402,0.04044456539905556,0.4333994637383803,0.0005467810801646723,0.00014714786086858088,1,False
8,PIT502,0.0403518480698219,0.4737513118082022,8.390810017391107e-05,3.2555045023168146e-05,3,False
9,FIT503,0.04004999786915819,0.5138013096773604,-7.790638255502324e-06,2.0395290388505018e-05,30,False
10,AIT502,0.039910967473928215,0.5537122771512886,-0.0008657854318708632,0.00011150869157278819,48,False
11,AIT501,0.03891845879988165,0.5926307359511702,2.9298230350559804e-05,1.4972529884423276e-05,9,False
12,LIT401,0.036317468384080676,0.6289482043352509,4.077784142677322e-05,6.984117860502183e-05,7,False
13,DPIT301,0.034423067595620485,0.6633712719308714,-0.00030520242652852075,0.00013270801028280398,46,False
14,AIT202,0.030109156488790447,0.6934804284196618,-0.0002303842192807999,3.95931542384188e-05,43,False
15,LIT101,0.0288844998001295,0.7223649282197914,-0.014873853942053216,0.0004833573578639034,51,False
16,FIT502,0.028288688632693185,0.7506536168524846,1.786074120343692e-07,1.7321649976717463e-06,16,False
17,UV401,0.027654538190751386,0.7783081550432359,0.0,0.0,28,False
18,P501,0.025851605469343793,0.8041597605125798,0.0,0.0,21,False
19,LIT301,0.024546894801503308,0.828706655314083,5.589538647309926e-05,8.239580958282039e-05,4,False
20,FIT201,0.023704891636423888,0.8524115469505069,-9.770624861918411e-05,2.1905671668010847e-05,38,False
21,AIT503,0.02346226913066324,0.8758738160811702,-0.0021623626280413448,0.00034876020410097884,49,False
22,AIT504,0.020283040599725164,0.8961568566808954,-0.00026898828457183035,4.9107614505918e-05,44,False
23,AIT203,0.018051758942603746,0.9142086156234992,4.127157251184073e-05,5.3391028054824385e-05,5,False
24,P102,0.01765240590696458,0.9318610215304638,-0.00014935877031985647,1.3475939840189367e-05,41,False
25,FIT301,0.014013145377972991,0.9458741669084367,-0.003844649126031005,0.00044436108400212773,50,False
26,MV304,0.012128962308083552,0.9580031292165203,-3.8956064646705237e-05,1.3220955347847659e-05,36,False
27,P402,0.009071083901375097,0.9670742131178954,0.0,0.0,25,False
28,FIT601,0.005478921691322026,0.9725531348092175,9.454408097522502e-06,1.0945675439345132e-06,12,False
29,P302,0.005145502537118441,0.9776986373463359,-0.0006896822243034855,0.00015156057570288154,47,False
30,AIT401,0.003804871758708172,0.981503509105044,-0.0002806844802233224,0.000114048877807398,45,False
31,FIT101,0.003334210345066582,0.9848377194501106,-8.057761812474782e-05,1.709861639815266e-05,37,False
32,MV101,0.0031581822468982456,0.9879959016970088,3.630466816375924e-05,1.2215883612505072e-05,8,False
33,MV301,0.0029836677289957103,0.9909795694260045,3.4187245554640616e-06,3.1790521208911513e-07,14,False
34,MV302,0.00243845126757589,0.9934180206935804,-2.3227738689256783e-05,1.8063671644365185e-06,35,False
35,P203,0.0015192486966699981,0.9949372693902504,1.7125903135237036e-05,1.3257608744704982e-06,10,False
36,P205,0.0012873900518568509,0.9962246594421073,4.086611602393334e-05,2.562242388346114e-06,6,False
37,MV201,0.0009222939731671653,0.9971469534152744,-8.220385981269791e-06,1.8366473063657876e-06,31,False
38,P101,0.000915012114240676,0.9980619655295151,-0.00012074655365414376,2.904237720916401e-05,40,False
39,MV303,0.0005014180176774486,0.9985633835471925,6.636191654554001e-06,6.290934228295625e-07,13,False
40,P201,0.0004801843698131478,0.9990435679170057,0.0003659608275530869,2.7433882268273538e-05,2,False
41,P204,0.00043211023970410746,0.9994756781567098,0.0,0.0,19,False
42,P206,0.00040593162380636903,0.9998816097805162,0.0,0.0,17,False
43,P602,0.00010187465957990078,0.9999834844400961,5.964849967855443e-07,8.891273569818902e-08,15,False
44,P403,1.6515559903957914e-05,1.0,0.0,0.0,29,False
45,P202,0.0,1.0,0.0,0.0,18,True
46,P301,0.0,1.0,0.0,0.0,27,True
47,P401,0.0,1.0,0.0,0.0,26,True
48,P404,0.0,1.0,0.0,0.0,24,True
49,P502,0.0,1.0,0.0,0.0,23,True
50,P601,0.0,1.0,0.0,0.0,22,True
51,P603,0.0,1.0,0.0,0.0,20,True
