split,interval_idx,start_ts,end_ts,n_rows,duration_sec
TRAIN,1,2015-12-28T10:29:14.000000,2015-12-28T10:44:53.000000,940,940
TRAIN,2,2015-12-28T10:51:08.000000,2015-12-28T10:58:30.000000,443,443
TRAIN,3,2015-12-28T11:22:00.000000,2015-12-28T11:28:22.000000,383,383
TRAIN,4,2015-12-28T11:47:39.000000,2015-12-28T11:54:08.000000,390,390
TRAIN,5,2015-12-28T12:00:55.000000,2015-12-28T12:04:10.000000,196,196
TRAIN,6,2015-12-28T12:08:25.000000,2015-12-28T12:15:33.000000,429,429
TRAIN,7,2015-12-28T13:10:10.000000,2015-12-28T13:26:13.000000,964,964
TRAIN,8,2015-12-28T14:16:20.000000,2015-12-28T14:28:20.000000,721,721
TRAIN,9,2015-12-29T06:30:00.000000,2015-12-29T06:42:00.000000,721,721
TRAIN,10,2015-12-29T11:11:25.000000,2015-12-29T11:15:17.000000,233,233
TRAIN,11,2015-12-29T11:35:40.000000,2015-12-29T11:42:50.000000,431,431
TRAIN,12,2015-12-29T11:57:25.000000,2015-12-29T12:02:00.000000,276,276
TRAIN,13,2015-12-29T14:38:12.000000,2015-12-29T14:50:08.000000,717,717
TRAIN,14,2015-12-29T18:10:43.000000,2015-12-29T18:15:01.000000,259,259
TRAIN,15,2015-12-29T18:15:43.000000,2015-12-29T18:22:17.000000,395,395
TRAIN,16,2015-12-29T18:30:00.000000,2015-12-29T18:42:00.000000,721,721
TRAIN,17,2015-12-29T22:55:18.000000,2015-12-29T23:03:00.000000,463,463
TRAIN,18,2015-12-30T01:42:34.000000,2015-12-30T01:54:10.000000,697,697
TRAIN,19,2015-12-30T09:51:08.000000,2015-12-30T09:56:28.000000,321,321
TRAIN,20,2015-12-30T10:01:50.000000,2015-12-30T10:12:01.000000,612,612
TRAIN,21,2015-12-30T17:04:56.000000,2015-12-30T17:29:00.000000,1445,1445
TRAIN,22,2015-12-31T01:17:08.000000,2015-12-31T11:15:27.000000,35900,35900
VAL,1,2015-12-31T15:32:00.000000,2015-12-31T15:34:00.000000,121,121
VAL,2,2015-12-31T15:47:40.000000,2015-12-31T16:07:10.000000,1171,1171
VAL,3,2015-12-31T22:05:34.000000,2015-12-31T22:11:40.000000,367,367
TEST,1,2016-01-01T10:36:00.000000,2016-01-01T10:46:00.000000,601,601
TEST,2,2016-01-01T14:21:12.000000,2016-01-01T14:28:35.000000,444,444
TEST,3,2016-01-01T17:12:40.000000,2016-01-01T17:14:20.000000,101,101
TEST,4,2016-01-01T17:18:56.000000,2016-01-01T17:26:56.000000,481,481
TEST,5,2016-01-01T22:16:01.000000,2016-01-01T22:25:00.000000,540,540
TEST,6,2016-01-02T11:17:02.000000,2016-01-02T11:24:50.000000,469,469
TEST,7,2016-01-02T11:31:38.000000,2016-01-02T11:36:18.000000,281,281
TEST,8,2016-01-02T11:43:48.000000,2016-01-02T11:50:28.000000,401,401
TEST,9,2016-01-02T11:51:42.000000,2016-01-02T11:56:38.000000,297,297
TEST,10,2016-01-02T13:13:02.000000,2016-01-02T13:41:11.000000,1690,1690
