Split,Model,Seed,Interval,n_rows,TP,Recall
VAL,full_lstm,7,1,121,0,0.0
VAL,full_lstm,7,2,1171,1125,0.9607173356105893
VAL,full_lstm,7,3,367,0,0.0
VAL,full_lstm,21,1,121,0,0.0
VAL,full_lstm,21,2,1171,1127,0.9624252775405636
VAL,full_lstm,21,3,367,0,0.0
VAL,full_lstm,42,1,121,0,0.0
VAL,full_lstm,42,2,1171,1129,0.964133219470538
VAL,full_lstm,42,3,367,0,0.0
VAL,full_lstm,84,1,121,0,0.0
VAL,full_lstm,84,2,1171,1133,0.9675491033304867
VAL,full_lstm,84,3,367,0,0.0
VAL,full_lstm,123,1,121,0,0.0
VAL,full_lstm,123,2,1171,1129,0.964133219470538
VAL,full_lstm,123,3,367,0,0.0
VAL,selected_lstm,7,1,121,0,0.0
VAL,selected_lstm,7,2,1171,1137,0.9709649871904356
VAL,selected_lstm,7,3,367,0,0.0
VAL,selected_lstm,21,1,121,0,0.0
VAL,selected_lstm,21,2,1171,1129,0.964133219470538
VAL,selected_lstm,21,3,367,0,0.0
VAL,selected_lstm,42,1,121,0,0.0
VAL,selected_lstm,42,2,1171,1120,0.9564474807856533
VAL,selected_lstm,42,3,367,0,0.0
VAL,selected_lstm,84,1,121,0,0.0
VAL,selected_lstm,84,2,1171,1119,0.955593509820666
VAL,selected_lstm,84,3,367,0,0.0
VAL,selected_lstm,123,1,121,0,0.0
VAL,selected_lstm,123,2,1171,1120,0.9564474807856533
VAL,selected_lstm,123,3,367,0,0.0
VAL,neurosymbolic_core,7,1,121,0,0.0
VAL,neurosymbolic_core,7,2,1171,1126,0.9615713065755764
VAL,neurosymbolic_core,7,3,367,0,0.0
VAL,neurosymbolic_core,21,1,121,0,0.0
VAL,neurosymbolic_core,21,2,1171,1128,0.9632792485055508
VAL,neurosymbolic_core,21,3,367,0,0.0
VAL,neurosymbolic_core,42,1,121,0,0.0
VAL,neurosymbolic_core,42,2,1171,1126,0.9615713065755764
VAL,neurosymbolic_core,42,3,367,0,0.0
VAL,neurosymbolic_core,84,1,121,0,0.0
VAL,neurosymbolic_core,84,2,1171,1120,0.9564474807856533
VAL,neurosymbolic_core,84,3,367,0,0.0
VAL,neurosymbolic_core,123,1,121,0,0.0
VAL,neurosymbolic_core,123,2,1171,1136,0.9701110162254484
VAL,neurosymbolic_core,123,3,367,0,0.0
VAL,neurosymbolic_extended,7,1,121,0,0.0
VAL,neurosymbolic_extended,7,2,1171,1140,0.9735269000853971
VAL,neurosymbolic_extended,7,3,367,0,0.0
VAL,neurosymbolic_extended,21,1,121,0,0.0
VAL,neurosymbolic_extended,21,2,1171,1125,0.9607173356105893
VAL,neurosymbolic_extended,21,3,367,0,0.0
VAL,neurosymbolic_extended,42,1,121,0,0.0
VAL,neurosymbolic_extended,42,2,1171,1125,0.9607173356105893
VAL,neurosymbolic_extended,42,3,367,0,0.0
VAL,neurosymbolic_extended,84,1,121,0,0.0
VAL,neurosymbolic_extended,84,2,1171,1125,0.9607173356105893
VAL,neurosymbolic_extended,84,3,367,0,0.0
VAL,neurosymbolic_extended,123,1,121,0,0.0
VAL,neurosymbolic_extended,123,2,1171,1101,0.9402220324508966
VAL,neurosymbolic_extended,123,3,367,0,0.0
TEST,full_lstm,7,1,601,0,0.0
TEST,full_lstm,7,2,444,0,0.0
TEST,full_lstm,7,3,101,0,0.0
TEST,full_lstm,7,4,481,0,0.0
TEST,full_lstm,7,5,540,0,0.0
TEST,full_lstm,7,6,469,0,0.0
TEST,full_lstm,7,7,281,0,0.0
TEST,full_lstm,7,8,401,0,0.0
TEST,full_lstm,7,9,297,0,0.0
TEST,full_lstm,7,10,1690,0,0.0
TEST,full_lstm,21,1,601,0,0.0
TEST,full_lstm,21,2,444,0,0.0
TEST,full_lstm,21,3,101,60,0.594059405940594
TEST,full_lstm,21,4,481,0,0.0
TEST,full_lstm,21,5,540,0,0.0
TEST,full_lstm,21,6,469,111,0.23667377398720682
TEST,full_lstm,21,7,281,0,0.0
TEST,full_lstm,21,8,401,0,0.0
TEST,full_lstm,21,9,297,51,0.1717171717171717
TEST,full_lstm,21,10,1690,0,0.0
TEST,full_lstm,42,1,601,0,0.0
TEST,full_lstm,42,2,444,0,0.0
TEST,full_lstm,42,3,101,53,0.5247524752475248
TEST,full_lstm,42,4,481,0,0.0
TEST,full_lstm,42,5,540,0,0.0
TEST,full_lstm,42,6,469,222,0.47334754797441364
TEST,full_lstm,42,7,281,0,0.0
TEST,full_lstm,42,8,401,0,0.0
TEST,full_lstm,42,9,297,0,0.0
TEST,full_lstm,42,10,1690,0,0.0
TEST,full_lstm,84,1,601,0,0.0
TEST,full_lstm,84,2,444,0,0.0
TEST,full_lstm,84,3,101,61,0.6039603960396039
TEST,full_lstm,84,4,481,0,0.0
TEST,full_lstm,84,5,540,0,0.0
TEST,full_lstm,84,6,469,1,0.0021321961620469083
TEST,full_lstm,84,7,281,0,0.0
TEST,full_lstm,84,8,401,0,0.0
TEST,full_lstm,84,9,297,241,0.8114478114478114
TEST,full_lstm,84,10,1690,0,0.0
TEST,full_lstm,123,1,601,0,0.0
TEST,full_lstm,123,2,444,0,0.0
TEST,full_lstm,123,3,101,56,0.5544554455445545
TEST,full_lstm,123,4,481,0,0.0
TEST,full_lstm,123,5,540,0,0.0
TEST,full_lstm,123,6,469,81,0.17270788912579957
TEST,full_lstm,123,7,281,0,0.0
TEST,full_lstm,123,8,401,0,0.0
TEST,full_lstm,123,9,297,0,0.0
TEST,full_lstm,123,10,1690,0,0.0
TEST,selected_lstm,7,1,601,0,0.0
TEST,selected_lstm,7,2,444,0,0.0
TEST,selected_lstm,7,3,101,59,0.5841584158415841
TEST,selected_lstm,7,4,481,0,0.0
TEST,selected_lstm,7,5,540,0,0.0
TEST,selected_lstm,7,6,469,419,0.8933901918976546
TEST,selected_lstm,7,7,281,145,0.5160142348754448
TEST,selected_lstm,7,8,401,0,0.0
TEST,selected_lstm,7,9,297,251,0.8451178451178452
TEST,selected_lstm,7,10,1690,0,0.0
TEST,selected_lstm,21,1,601,0,0.0
TEST,selected_lstm,21,2,444,0,0.0
TEST,selected_lstm,21,3,101,58,0.5742574257425742
TEST,selected_lstm,21,4,481,0,0.0
TEST,selected_lstm,21,5,540,0,0.0
TEST,selected_lstm,21,6,469,0,0.0
TEST,selected_lstm,21,7,281,0,0.0
TEST,selected_lstm,21,8,401,0,0.0
TEST,selected_lstm,21,9,297,106,0.3569023569023569
TEST,selected_lstm,21,10,1690,0,0.0
TEST,selected_lstm,42,1,601,0,0.0
TEST,selected_lstm,42,2,444,0,0.0
TEST,selected_lstm,42,3,101,57,0.5643564356435643
TEST,selected_lstm,42,4,481,0,0.0
TEST,selected_lstm,42,5,540,0,0.0
TEST,selected_lstm,42,6,469,0,0.0
TEST,selected_lstm,42,7,281,0,0.0
TEST,selected_lstm,42,8,401,0,0.0
TEST,selected_lstm,42,9,297,0,0.0
TEST,selected_lstm,42,10,1690,0,0.0
TEST,selected_lstm,84,1,601,0,0.0
TEST,selected_lstm,84,2,444,0,0.0
TEST,selected_lstm,84,3,101,39,0.38613861386138615
TEST,selected_lstm,84,4,481,0,0.0
TEST,selected_lstm,84,5,540,0,0.0
TEST,selected_lstm,84,6,469,20,0.042643923240938165
TEST,selected_lstm,84,7,281,0,0.0
TEST,selected_lstm,84,8,401,0,0.0
TEST,selected_lstm,84,9,297,241,0.8114478114478114
TEST,selected_lstm,84,10,1690,0,0.0
TEST,selected_lstm,123,1,601,0,0.0
TEST,selected_lstm,123,2,444,0,0.0
TEST,selected_lstm,123,3,101,61,0.6039603960396039
TEST,selected_lstm,123,4,481,0,0.0
TEST,selected_lstm,123,5,540,0,0.0
TEST,selected_lstm,123,6,469,415,0.8848614072494669
TEST,selected_lstm,123,7,281,143,0.5088967971530249
TEST,selected_lstm,123,8,401,0,0.0
TEST,selected_lstm,123,9,297,247,0.8316498316498316
TEST,selected_lstm,123,10,1690,0,0.0
TEST,neurosymbolic_core,7,1,601,0,0.0
TEST,neurosymbolic_core,7,2,444,0,0.0
TEST,neurosymbolic_core,7,3,101,58,0.5742574257425742
TEST,neurosymbolic_core,7,4,481,0,0.0
TEST,neurosymbolic_core,7,5,540,0,0.0
TEST,neurosymbolic_core,7,6,469,70,0.14925373134328357
TEST,neurosymbolic_core,7,7,281,0,0.0
TEST,neurosymbolic_core,7,8,401,0,0.0
TEST,neurosymbolic_core,7,9,297,240,0.8080808080808081
TEST,neurosymbolic_core,7,10,1690,0,0.0
TEST,neurosymbolic_core,21,1,601,0,0.0
TEST,neurosymbolic_core,21,2,444,0,0.0
TEST,neurosymbolic_core,21,3,101,56,0.5544554455445545
TEST,neurosymbolic_core,21,4,481,0,0.0
TEST,neurosymbolic_core,21,5,540,0,0.0
TEST,neurosymbolic_core,21,6,469,0,0.0
TEST,neurosymbolic_core,21,7,281,0,0.0
TEST,neurosymbolic_core,21,8,401,0,0.0
TEST,neurosymbolic_core,21,9,297,228,0.7676767676767676
TEST,neurosymbolic_core,21,10,1690,0,0.0
TEST,neurosymbolic_core,42,1,601,0,0.0
TEST,neurosymbolic_core,42,2,444,0,0.0
TEST,neurosymbolic_core,42,3,101,60,0.594059405940594
TEST,neurosymbolic_core,42,4,481,0,0.0
TEST,neurosymbolic_core,42,5,540,0,0.0
TEST,neurosymbolic_core,42,6,469,412,0.8784648187633263
TEST,neurosymbolic_core,42,7,281,0,0.0
TEST,neurosymbolic_core,42,8,401,0,0.0
TEST,neurosymbolic_core,42,9,297,247,0.8316498316498316
TEST,neurosymbolic_core,42,10,1690,0,0.0
TEST,neurosymbolic_core,84,1,601,0,0.0
TEST,neurosymbolic_core,84,2,444,0,0.0
TEST,neurosymbolic_core,84,3,101,60,0.594059405940594
TEST,neurosymbolic_core,84,4,481,0,0.0
TEST,neurosymbolic_core,84,5,540,0,0.0
TEST,neurosymbolic_core,84,6,469,412,0.8784648187633263
TEST,neurosymbolic_core,84,7,281,0,0.0
TEST,neurosymbolic_core,84,8,401,0,0.0
TEST,neurosymbolic_core,84,9,297,240,0.8080808080808081
TEST,neurosymbolic_core,84,10,1690,0,0.0
TEST,neurosymbolic_core,123,1,601,0,0.0
TEST,neurosymbolic_core,123,2,444,0,0.0
TEST,neurosymbolic_core,123,3,101,52,0.5148514851485149
TEST,neurosymbolic_core,123,4,481,0,0.0
TEST,neurosymbolic_core,123,5,540,0,0.0
TEST,neurosymbolic_core,123,6,469,53,0.11300639658848614
TEST,neurosymbolic_core,123,7,281,0,0.0
TEST,neurosymbolic_core,123,8,401,0,0.0
TEST,neurosymbolic_core,123,9,297,247,0.8316498316498316
TEST,neurosymbolic_core,123,10,1690,0,0.0
TEST,neurosymbolic_extended,7,1,601,0,0.0
TEST,neurosymbolic_extended,7,2,444,40,0.09009009009009009
TEST,neurosymbolic_extended,7,3,101,24,0.2376237623762376
TEST,neurosymbolic_extended,7,4,481,0,0.0
TEST,neurosymbolic_extended,7,5,540,0,0.0
TEST,neurosymbolic_extended,7,6,469,412,0.8784648187633263
TEST,neurosymbolic_extended,7,7,281,0,0.0
TEST,neurosymbolic_extended,7,8,401,0,0.0
TEST,neurosymbolic_extended,7,9,297,248,0.835016835016835
TEST,neurosymbolic_extended,7,10,1690,0,0.0
TEST,neurosymbolic_extended,21,1,601,0,0.0
TEST,neurosymbolic_extended,21,2,444,0,0.0
TEST,neurosymbolic_extended,21,3,101,45,0.44554455445544555
TEST,neurosymbolic_extended,21,4,481,0,0.0
TEST,neurosymbolic_extended,21,5,540,0,0.0
TEST,neurosymbolic_extended,21,6,469,0,0.0
TEST,neurosymbolic_extended,21,7,281,0,0.0
TEST,neurosymbolic_extended,21,8,401,0,0.0
TEST,neurosymbolic_extended,21,9,297,0,0.0
TEST,neurosymbolic_extended,21,10,1690,0,0.0
TEST,neurosymbolic_extended,42,1,601,0,0.0
TEST,neurosymbolic_extended,42,2,444,0,0.0
TEST,neurosymbolic_extended,42,3,101,51,0.504950495049505
TEST,neurosymbolic_extended,42,4,481,0,0.0
TEST,neurosymbolic_extended,42,5,540,0,0.0
TEST,neurosymbolic_extended,42,6,469,0,0.0
TEST,neurosymbolic_extended,42,7,281,0,0.0
TEST,neurosymbolic_extended,42,8,401,0,0.0
TEST,neurosymbolic_extended,42,9,297,0,0.0
TEST,neurosymbolic_extended,42,10,1690,0,0.0
TEST,neurosymbolic_extended,84,1,601,0,0.0
TEST,neurosymbolic_extended,84,2,444,0,0.0
TEST,neurosymbolic_extended,84,3,101,49,0.48514851485148514
TEST,neurosymbolic_extended,84,4,481,0,0.0
TEST,neurosymbolic_extended,84,5,540,0,0.0
TEST,neurosymbolic_extended,84,6,469,0,0.0
TEST,neurosymbolic_extended,84,7,281,0,0.0
TEST,neurosymbolic_extended,84,8,401,0,0.0
TEST,neurosymbolic_extended,84,9,297,0,0.0
TEST,neurosymbolic_extended,84,10,1690,0,0.0
TEST,neurosymbolic_extended,123,1,601,0,0.0
TEST,neurosymbolic_extended,123,2,444,0,0.0
TEST,neurosymbolic_extended,123,3,101,6,0.0594059405940594
TEST,neurosymbolic_extended,123,4,481,0,0.0
TEST,neurosymbolic_extended,123,5,540,0,0.0
TEST,neurosymbolic_extended,123,6,469,205,0.43710021321961623
TEST,neurosymbolic_extended,123,7,281,0,0.0
TEST,neurosymbolic_extended,123,8,401,0,0.0
TEST,neurosymbolic_extended,123,9,297,171,0.5757575757575758
TEST,neurosymbolic_extended,123,10,1690,0,0.0
