Split,Model,Interval,n_rows,mean,std
TEST,full_lstm,1,601,0.0,0.0
TEST,full_lstm,2,444,0.0,0.0
TEST,full_lstm,3,101,0.4554455445544555,0.256567495442573
TEST,full_lstm,4,481,0.0,0.0
TEST,full_lstm,5,540,0.0,0.0
TEST,full_lstm,6,469,0.17697228144989338,0.1957734632717103
TEST,full_lstm,7,281,0.0,0.0
TEST,full_lstm,8,401,0.0,0.0
TEST,full_lstm,9,297,0.19663299663299663,0.3516431646362642
TEST,full_lstm,10,1690,0.0,0.0
TEST,neurosymbolic_core,1,601,0.0,0.0
TEST,neurosymbolic_core,2,444,0.0,0.0
TEST,neurosymbolic_core,3,101,0.5663366336633663,0.033135050555804964
TEST,neurosymbolic_core,4,481,0.0,0.0
TEST,neurosymbolic_core,5,540,0.0,0.0
TEST,neurosymbolic_core,6,469,0.40383795309168447,0.4367558058610002
TEST,neurosymbolic_core,7,281,0.0,0.0
TEST,neurosymbolic_core,8,401,0.0,0.0
TEST,neurosymbolic_core,9,297,0.8094276094276094,0.026145816374837958
TEST,neurosymbolic_core,10,1690,0.0,0.0
TEST,neurosymbolic_extended,1,601,0.0,0.0
TEST,neurosymbolic_extended,2,444,0.018018018018018018,0.040289513108104316
TEST,neurosymbolic_extended,3,101,0.3465346534653465,0.19262451938954178
TEST,neurosymbolic_extended,4,481,0.0,0.0
TEST,neurosymbolic_extended,5,540,0.0,0.0
TEST,neurosymbolic_extended,6,469,0.26311300639658847,0.39262410888987115
TEST,neurosymbolic_extended,7,281,0.0,0.0
TEST,neurosymbolic_extended,8,401,0.0,0.0
TEST,neurosymbolic_extended,9,297,0.28215488215488216,0.39708091530083506
TEST,neurosymbolic_extended,10,1690,0.0,0.0
TEST,selected_lstm,1,601,0.0,0.0
TEST,selected_lstm,2,444,0.0,0.0
TEST,selected_lstm,3,101,0.5425742574257425,0.08866777495935885
TEST,selected_lstm,4,481,0.0,0.0
TEST,selected_lstm,5,540,0.0,0.0
TEST,selected_lstm,6,469,0.3641791044776119,0.4795341876543416
TEST,selected_lstm,7,281,0.20498220640569395,0.2806947256504676
TEST,selected_lstm,8,401,0.0,0.0
TEST,selected_lstm,9,297,0.569023569023569,0.3784023477609916
TEST,selected_lstm,10,1690,0.0,0.0
VAL,full_lstm,1,121,0.0,0.0
VAL,full_lstm,2,1171,0.9637916310845431,0.0025332872714246123
VAL,full_lstm,3,367,0.0,0.0
VAL,neurosymbolic_core,1,121,0.0,0.0
VAL,neurosymbolic_core,2,1171,0.9625960717335611,0.0049205329772460905
VAL,neurosymbolic_core,3,367,0.0,0.0
VAL,neurosymbolic_extended,1,121,0.0,0.0
VAL,neurosymbolic_extended,2,1171,0.9591801878736123,0.01196169174715157
VAL,neurosymbolic_extended,3,367,0.0,0.0
VAL,selected_lstm,1,121,0.0,0.0
VAL,selected_lstm,2,1171,0.9607173356105893,0.0066970056111691646
VAL,selected_lstm,3,367,0.0,0.0
