Split,Interval,n_rows,Top_shifted_vars
VAL,1,121,AIT202(z=+3.4); AIT203(z=-3.3); AIT201(z=-2.4); FIT301(z=-2.4); P302(z=-2.3); DPIT301(z=-2.2)
VAL,2,1171,P102(z=+67.5); AIT201(z=-2.4); AIT202(z=+1.9); AIT502(z=-1.7); FIT101(z=-1.5); MV101(z=-1.5)
VAL,3,367,AIT203(z=-3.4); AIT202(z=+3.3); LIT401(z=-2.6); AIT201(z=-2.4); FIT201(z=-1.7); P101(z=-1.7)
TEST,1,601,AIT203(z=-4.4); LIT301(z=+3.9); AIT202(z=+3.4); AIT201(z=-2.5); P101(z=-1.6); AIT502(z=-1.6)
TEST,2,444,AIT203(z=-2.9); AIT201(z=-2.5); AIT202(z=+2.2); AIT502(z=-2.0); AIT402(z=-1.7); LIT101(z=+1.5)
TEST,3,101,P102(z=+42.4); AIT203(z=-3.0); AIT201(z=-2.6); AIT202(z=+2.1); AIT502(z=-2.0); AIT402(z=-1.7)
TEST,4,481,AIT203(z=-4.6); AIT202(z=+3.3); AIT201(z=-2.6); AIT502(z=-2.1); AIT402(z=-1.7); AIT503(z=+1.6)
TEST,5,540,AIT203(z=-4.8); AIT202(z=+3.5); LIT101(z=-2.7); AIT201(z=-2.5); AIT502(z=-1.9); FIT201(z=-1.7)
TEST,6,469,FIT504(z=-44.0); FIT503(z=-25.1); PIT501(z=-14.2); FIT501(z=-12.9); FIT401(z=-12.3); PIT503(z=-11.1)
TEST,7,281,AIT502(z=+27.8); AIT402(z=+17.1); AIT203(z=-4.6); AIT202(z=+3.6); AIT201(z=-2.8); FIT201(z=-1.7)
TEST,8,401,FIT401(z=-32.8); P201(z=+3.8); AIT503(z=-3.0); AIT203(z=-3.0); AIT201(z=-2.8); AIT202(z=+2.6)
TEST,9,297,FIT401(z=-44.4); P501(z=-43.4); UV401(z=-42.9); FIT504(z=-41.3); FIT503(z=-24.1); PIT501(z=-14.5)
TEST,10,1690,LIT301(z=-4.6); AIT201(z=-2.9); AIT203(z=-2.8); AIT202(z=+2.5); AIT502(z=-1.6); AIT402(z=-1.5)
