,mean,mean,mean,median,median,median,std,std,std
Split,TEST,TRAIN,VAL,TEST,TRAIN,VAL,TEST,TRAIN,VAL
Var,,,,,,,,,
AIT201,174.58342294839832,238.777869694571,178.86235274227423,174.8911,251.3458,177.2302,3.320410977762754,24.19888522141776,3.4488709909337163
AIT202,8.634805715471094,8.448059727061342,8.613117618121812,8.622341,8.446745,8.600231,0.03743337806946705,0.06882591315279721,0.0375344263983711
AIT203,300.46413458111857,328.4110662588883,311.0908743534353,302.4865,329.6591,311.7918,6.2235210220316874,8.101691682589161,7.43541976217988
FIT201,1.8566448903575896,1.8340081312641505,1.8511254983344436,2.455259,2.445391,2.447954,1.0547502560781818,1.0599907364184689,1.0512694716818853
FIT501,1.728570906430218,1.7285471049110834,1.7225920319231922,1.730454,1.729557,1.721738,0.014741072390089057,0.03258105289537763,0.005040898361687596
FIT503,0.7318150810179218,0.7331423917935083,0.7344112565136514,0.7323241,0.7329642,0.7347566,0.011243898065884867,0.013888081831844373,0.0016437047529775327
MV201,1.7511924361446916,1.7453124226982635,1.7532703270327032,2.0,2.0,2.0,0.44413148277522774,0.4449306476496436,0.44078101041107026
P102,1.0003574956489016,1.0002023900010344,1.0001950195019502,1.0,1.0,1.0,0.01890426427641243,0.014224976253128258,0.013963681262563825
