Model,Seed,Interval,Detected,Delay_sec
full_lstm,7,1,False,
full_lstm,7,2,False,
full_lstm,7,3,False,
full_lstm,7,4,False,
full_lstm,7,5,False,
full_lstm,7,6,False,
full_lstm,7,7,False,
full_lstm,7,8,False,
full_lstm,7,9,False,
full_lstm,7,10,False,
full_lstm,21,1,False,
full_lstm,21,2,False,
full_lstm,21,3,True,41.0
full_lstm,21,4,False,
full_lstm,21,5,False,
full_lstm,21,6,True,229.0
full_lstm,21,7,False,
full_lstm,21,8,False,
full_lstm,21,9,True,246.0
full_lstm,21,10,False,
full_lstm,42,1,False,
full_lstm,42,2,False,
full_lstm,42,3,True,48.0
full_lstm,42,4,False,
full_lstm,42,5,False,
full_lstm,42,6,True,238.0
full_lstm,42,7,False,
full_lstm,42,8,False,
full_lstm,42,9,False,
full_lstm,42,10,False,
full_lstm,84,1,False,
full_lstm,84,2,False,
full_lstm,84,3,True,40.0
full_lstm,84,4,False,
full_lstm,84,5,False,
full_lstm,84,6,True,198.0
full_lstm,84,7,False,
full_lstm,84,8,False,
full_lstm,84,9,True,56.0
full_lstm,84,10,False,
full_lstm,123,1,False,
full_lstm,123,2,False,
full_lstm,123,3,True,45.0
full_lstm,123,4,False,
full_lstm,123,5,False,
full_lstm,123,6,True,388.0
full_lstm,123,7,False,
full_lstm,123,8,False,
full_lstm,123,9,False,
full_lstm,123,10,False,
selected_lstm,7,1,False,
selected_lstm,7,2,False,
selected_lstm,7,3,True,42.0
selected_lstm,7,4,False,
selected_lstm,7,5,False,
selected_lstm,7,6,True,50.0
selected_lstm,7,7,True,52.0
selected_lstm,7,8,False,
selected_lstm,7,9,True,46.0
selected_lstm,7,10,False,
selected_lstm,21,1,False,
selected_lstm,21,2,False,
selected_lstm,21,3,True,43.0
selected_lstm,21,4,False,
selected_lstm,21,5,False,
selected_lstm,21,6,False,
selected_lstm,21,7,False,
selected_lstm,21,8,False,
selected_lstm,21,9,True,191.0
selected_lstm,21,10,False,
selected_lstm,42,1,False,
selected_lstm,42,2,False,
selected_lstm,42,3,True,44.0
selected_lstm,42,4,False,
selected_lstm,42,5,False,
selected_lstm,42,6,False,
selected_lstm,42,7,False,
selected_lstm,42,8,False,
selected_lstm,42,9,False,
selected_lstm,42,10,False,
selected_lstm,84,1,False,
selected_lstm,84,2,False,
selected_lstm,84,3,True,62.0
selected_lstm,84,4,False,
selected_lstm,84,5,False,
selected_lstm,84,6,True,234.0
selected_lstm,84,7,False,
selected_lstm,84,8,False,
selected_lstm,84,9,True,56.0
selected_lstm,84,10,False,
selected_lstm,123,1,False,
selected_lstm,123,2,False,
selected_lstm,123,3,True,40.0
selected_lstm,123,4,False,
selected_lstm,123,5,False,
selected_lstm,123,6,True,54.0
selected_lstm,123,7,True,41.0
selected_lstm,123,8,False,
selected_lstm,123,9,True,50.0
selected_lstm,123,10,False,
neurosymbolic_core,7,1,False,
neurosymbolic_core,7,2,False,
neurosymbolic_core,7,3,True,43.0
neurosymbolic_core,7,4,False,
neurosymbolic_core,7,5,False,
neurosymbolic_core,7,6,True,66.0
neurosymbolic_core,7,7,False,
neurosymbolic_core,7,8,False,
neurosymbolic_core,7,9,True,57.0
neurosymbolic_core,7,10,False,
neurosymbolic_core,21,1,False,
neurosymbolic_core,21,2,False,
neurosymbolic_core,21,3,True,45.0
neurosymbolic_core,21,4,False,
neurosymbolic_core,21,5,False,
neurosymbolic_core,21,6,False,
neurosymbolic_core,21,7,False,
neurosymbolic_core,21,8,False,
neurosymbolic_core,21,9,True,69.0
neurosymbolic_core,21,10,False,
neurosymbolic_core,42,1,False,
neurosymbolic_core,42,2,False,
neurosymbolic_core,42,3,True,41.0
neurosymbolic_core,42,4,False,
neurosymbolic_core,42,5,False,
neurosymbolic_core,42,6,True,57.0
neurosymbolic_core,42,7,False,
neurosymbolic_core,42,8,False,
neurosymbolic_core,42,9,True,50.0
neurosymbolic_core,42,10,False,
neurosymbolic_core,84,1,False,
neurosymbolic_core,84,2,False,
neurosymbolic_core,84,3,True,41.0
neurosymbolic_core,84,4,False,
neurosymbolic_core,84,5,False,
neurosymbolic_core,84,6,True,57.0
neurosymbolic_core,84,7,False,
neurosymbolic_core,84,8,False,
neurosymbolic_core,84,9,True,57.0
neurosymbolic_core,84,10,False,
neurosymbolic_core,123,1,False,
neurosymbolic_core,123,2,False,
neurosymbolic_core,123,3,True,49.0
neurosymbolic_core,123,4,False,
neurosymbolic_core,123,5,False,
neurosymbolic_core,123,6,True,323.0
neurosymbolic_core,123,7,False,
neurosymbolic_core,123,8,False,
neurosymbolic_core,123,9,True,50.0
neurosymbolic_core,123,10,False,
neurosymbolic_extended,7,1,False,
neurosymbolic_extended,7,2,True,112.0
neurosymbolic_extended,7,3,True,77.0
neurosymbolic_extended,7,4,False,
neurosymbolic_extended,7,5,False,
neurosymbolic_extended,7,6,True,57.0
neurosymbolic_extended,7,7,False,
neurosymbolic_extended,7,8,False,
neurosymbolic_extended,7,9,True,49.0
neurosymbolic_extended,7,10,False,
neurosymbolic_extended,21,1,False,
neurosymbolic_extended,21,2,False,
neurosymbolic_extended,21,3,True,55.0
neurosymbolic_extended,21,4,False,
neurosymbolic_extended,21,5,False,
neurosymbolic_extended,21,6,False,
neurosymbolic_extended,21,7,False,
neurosymbolic_extended,21,8,False,
neurosymbolic_extended,21,9,False,
neurosymbolic_extended,21,10,False,
neurosymbolic_extended,42,1,False,
neurosymbolic_extended,42,2,False,
neurosymbolic_extended,42,3,True,50.0
neurosymbolic_extended,42,4,False,
neurosymbolic_extended,42,5,False,
neurosymbolic_extended,42,6,False,
neurosymbolic_extended,42,7,False,
neurosymbolic_extended,42,8,False,
neurosymbolic_extended,42,9,False,
neurosymbolic_extended,42,10,False,
neurosymbolic_extended,84,1,False,
neurosymbolic_extended,84,2,False,
neurosymbolic_extended,84,3,True,52.0
neurosymbolic_extended,84,4,False,
neurosymbolic_extended,84,5,False,
neurosymbolic_extended,84,6,False,
neurosymbolic_extended,84,7,False,
neurosymbolic_extended,84,8,False,
neurosymbolic_extended,84,9,False,
neurosymbolic_extended,84,10,False,
neurosymbolic_extended,123,1,False,
neurosymbolic_extended,123,2,False,
neurosymbolic_extended,123,3,True,90.0
neurosymbolic_extended,123,4,False,
neurosymbolic_extended,123,5,False,
neurosymbolic_extended,123,6,True,249.0
neurosymbolic_extended,123,7,False,
neurosymbolic_extended,123,8,False,
neurosymbolic_extended,123,9,True,64.0
neurosymbolic_extended,123,10,False,
