Model,Seed,FP,TN,FPR,N_FP_Episodes
full_lstm,7,0,106176,0.0,0
full_lstm,21,83,106093,0.0007817209162145871,2
full_lstm,42,92,106084,0.0008664858348402652,2
full_lstm,84,92,106084,0.0008664858348402652,3
full_lstm,123,91,106085,0.0008570675105485233,2
selected_lstm,7,701,105475,0.006602245328511151,7
selected_lstm,21,87,106089,0.0008193942133815551,2
selected_lstm,42,43,106133,0.0004049879445449066,1
selected_lstm,84,554,105622,0.0052177516576250756,8
selected_lstm,123,603,105573,0.005679249547920434,8
neurosymbolic_core,7,86,106090,0.0008099758890898132,3
neurosymbolic_core,21,93,106083,0.0008759041591320072,2
neurosymbolic_core,42,282,105894,0.0026559674502712478,13
neurosymbolic_core,84,135,106041,0.0012714737793851718,3
neurosymbolic_core,123,245,105931,0.0023074894514767933,14
neurosymbolic_extended,7,152,106024,0.001431585292344786,3
neurosymbolic_extended,21,36,106140,0.0003390596745027125,2
neurosymbolic_extended,42,39,106137,0.0003673146473779385,1
neurosymbolic_extended,84,38,106138,0.0003578963230861965,1
neurosymbolic_extended,123,43,106133,0.0004049879445449066,13
